global_step,grad_norm,loss,train/accuracy,train/loss,validation/accuracy,validation/loss,validation/num_examples,test/accuracy,test/loss,test/num_examples,score,total_duration,accumulated_submission_time,accumulated_eval_time,accumulated_logging_time,preemption_count
0,0.45109087,6.9145555,,,,,,,,,,,,,,
1,,,0.0008968430920504,6.907759666442871,0.0009199999622069,6.907748699188232,50000.0,0.0009000000427477,6.907728672027588,10000.0,39.47880697250366,81.83598804473877,39.47880697250366,42.35707831382752,0.0,0.0
1,0.4924682,6.918041,,,,,,,,,,,,,,
2,0.47176427,6.924528,,,,,,,,,,,,,,
3,0.46407935,6.91628,,,,,,,,,,,,,,
4,0.49309465,6.9148245,,,,,,,,,,,,,,
5,0.4575231,6.914912,,,,,,,,,,,,,,
6,0.46342117,6.915289,,,,,,,,,,,,,,
7,0.4711191,6.9207363,,,,,,,,,,,,,,
8,0.4510431,6.915964,,,,,,,,,,,,,,
9,0.4516165,6.912592,,,,,,,,,,,,,,
10,0.46979997,6.9097557,,,,,,,,,,,,,,
11,0.47978818,6.912377,,,,,,,,,,,,,,
12,0.46869448,6.916291,,,,,,,,,,,,,,
13,0.48758608,6.923866,,,,,,,,,,,,,,
14,0.46783605,6.9163013,,,,,,,,,,,,,,
15,0.46288607,6.9159822,,,,,,,,,,,,,,
16,0.4422927,6.917389,,,,,,,,,,,,,,
17,0.46399873,6.9178553,,,,,,,,,,,,,,
18,0.43755704,6.912883,,,,,,,,,,,,,,
19,0.47034562,6.9188547,,,,,,,,,,,,,,
20,0.45648772,6.915417,,,,,,,,,,,,,,
21,0.46180186,6.909187,,,,,,,,,,,,,,
22,0.45547712,6.9156985,,,,,,,,,,,,,,
23,0.4406197,6.9156003,,,,,,,,,,,,,,
24,0.4743588,6.916828,,,,,,,,,,,,,,
25,0.46365738,6.9163227,,,,,,,,,,,,,,
26,0.47281456,6.915593,,,,,,,,,,,,,,
27,0.47534522,6.9212723,,,,,,,,,,,,,,
28,0.47356582,6.9115477,,,,,,,,,,,,,,
29,0.50255877,6.9128604,,,,,,,,,,,,,,
30,0.46003404,6.9108014,,,,,,,,,,,,,,
31,0.45688748,6.9066076,,,,,,,,,,,,,,
32,0.46020016,6.9109774,,,,,,,,,,,,,,
33,0.4662734,6.9118614,,,,,,,,,,,,,,
34,0.45643464,6.91215,,,,,,,,,,,,,,
35,0.44941172,6.9121222,,,,,,,,,,,,,,
36,0.47641623,6.907866,,,,,,,,,,,,,,
37,0.46701533,6.9068146,,,,,,,,,,,,,,
38,0.47170058,6.9150887,,,,,,,,,,,,,,
39,0.44066358,6.905196,,,,,,,,,,,,,,
40,0.46335807,6.912155,,,,,,,,,,,,,,
41,0.5111523,6.9008055,,,,,,,,,,,,,,
42,0.46590537,6.903397,,,,,,,,,,,,,,
43,0.49687618,6.8981175,,,,,,,,,,,,,,
44,0.45537695,6.905264,,,,,,,,,,,,,,
45,0.4615108,6.908215,,,,,,,,,,,,,,
46,0.46795836,6.9083157,,,,,,,,,,,,,,
47,0.46108153,6.902163,,,,,,,,,,,,,,
48,0.4563547,6.9026775,,,,,,,,,,,,,,
49,0.44179797,6.905472,,,,,,,,,,,,,,
50,0.44604114,6.901743,,,,,,,,,,,,,,
51,0.43876868,6.9093137,,,,,,,,,,,,,,
52,0.4651691,6.90928,,,,,,,,,,,,,,
53,0.44328973,6.90441,,,,,,,,,,,,,,
54,0.47646487,6.896124,,,,,,,,,,,,,,
55,0.45947474,6.8954363,,,,,,,,,,,,,,
56,0.4538419,6.8994713,,,,,,,,,,,,,,
57,0.46468908,6.889203,,,,,,,,,,,,,,
58,0.456304,6.897167,,,,,,,,,,,,,,
59,0.4819408,6.8930664,,,,,,,,,,,,,,
60,0.42916563,6.896327,,,,,,,,,,,,,,
61,0.4665356,6.881459,,,,,,,,,,,,,,
62,0.455601,6.893757,,,,,,,,,,,,,,
63,0.483463,6.8953238,,,,,,,,,,,,,,
64,0.45975125,6.8921623,,,,,,,,,,,,,,
65,0.46558642,6.8916755,,,,,,,,,,,,,,
66,0.46232557,6.8861637,,,,,,,,,,,,,,
67,0.46327838,6.883844,,,,,,,,,,,,,,
68,0.44413155,6.90114,,,,,,,,,,,,,,
69,0.48022944,6.8887057,,,,,,,,,,,,,,
70,0.46370438,6.8947234,,,,,,,,,,,,,,
71,0.4423582,6.89581,,,,,,,,,,,,,,
72,0.4430457,6.891446,,,,,,,,,,,,,,
73,0.46727332,6.8951836,,,,,,,,,,,,,,
74,0.4496121,6.8942313,,,,,,,,,,,,,,
75,0.43303174,6.889346,,,,,,,,,,,,,,
76,0.45893282,6.8868694,,,,,,,,,,,,,,
77,0.45073318,6.886879,,,,,,,,,,,,,,
78,0.4716525,6.8923125,,,,,,,,,,,,,,
79,0.46506578,6.884743,,,,,,,,,,,,,,
80,0.44280407,6.8898773,,,,,,,,,,,,,,
81,0.46331823,6.8837004,,,,,,,,,,,,,,
82,0.45376638,6.8770943,,,,,,,,,,,,,,
83,0.43018064,6.8891788,,,,,,,,,,,,,,
84,0.4778744,6.880514,,,,,,,,,,,,,,
85,0.4747883,6.8872337,,,,,,,,,,,,,,
86,0.48068982,6.88692,,,,,,,,,,,,,,
87,0.45698285,6.8874087,,,,,,,,,,,,,,
88,0.4833557,6.8870273,,,,,,,,,,,,,,
89,0.44241956,6.8790035,,,,,,,,,,,,,,
90,0.48397613,6.8821077,,,,,,,,,,,,,,
91,0.48261437,6.8680887,,,,,,,,,,,,,,
92,0.46838248,6.877178,,,,,,,,,,,,,,
93,0.47588795,6.8862886,,,,,,,,,,,,,,
94,0.47179237,6.8788395,,,,,,,,,,,,,,
95,0.44383225,6.888632,,,,,,,,,,,,,,
96,0.4697971,6.8885727,,,,,,,,,,,,,,
97,0.45809585,6.8684864,,,,,,,,,,,,,,
98,0.46329874,6.890032,,,,,,,,,,,,,,
99,0.45529643,6.865654,,,,,,,,,,,,,,
100,0.44404274,6.8927464,,,,,,,,,,,,,,
500,0.5344305,6.5214434,,,,,,,,,,,,,,
1000,0.4584805,6.096764,,,,,,,,,,,,,,
1500,0.47936156,5.707746,,,,,,,,,,,,,,
2000,0.501165,5.5090137,,,,,,,,,,,,,,
2500,0.49435937,5.1888704,,,,,,,,,,,,,,
2802,,,0.2709462642669678,3.717517614364624,0.2285399883985519,3.955676555633545,50000.0,0.167600005865097,4.43997859954834,10000.0,549.3842663764954,610.0327498912811,549.3842663764954,60.52774119377136,0.0287692546844482,0.0
3000,0.4876437,5.006918,,,,,,,,,,,,,,
3500,0.54246944,4.861528,,,,,,,,,,,,,,
4000,0.43011934,4.7814746,,,,,,,,,,,,,,
4500,0.43257445,4.7339845,,,,,,,,,,,,,,
5000,0.41288912,4.541445,,,,,,,,,,,,,,
5500,0.417197,4.609152,,,,,,,,,,,,,,
5610,,,0.3941924273967743,2.9730653762817383,0.3555800020694732,3.1851818561553955,50000.0,0.2699000239372253,3.760156393051148,10000.0,1059.330287218094,1138.2319378852844,1059.330287218094,78.66454458236694,0.0557355880737304,0.0
6000,0.4068851,4.4957185,,,,,,,,,,,,,,
6500,0.4203276,4.5185876,,,,,,,,,,,,,,
7000,0.39803562,4.4617224,,,,,,,,,,,,,,
7500,0.38485494,4.3278923,,,,,,,,,,,,,,
8000,0.43543875,4.4958563,,,,,,,,,,,,,,
8418,,,0.4443757832050323,2.615183591842652,0.4137399792671203,2.78801703453064,50000.0,0.318200021982193,3.4120326042175293,10000.0,1569.233282327652,1666.59339761734,1569.233282327652,97.00804924964903,0.0831224918365478,0.0
8500,0.41257545,4.4442105,,,,,,,,,,,,,,
9000,0.38978598,4.2460074,,,,,,,,,,,,,,
9500,0.41757894,4.3321266,,,,,,,,,,,,,,
10000,0.41665095,4.2297373,,,,,,,,,,,,,,
10500,0.40165588,4.173085,,,,,,,,,,,,,,
11000,0.40567,4.187088,,,,,,,,,,,,,,
11227,,,0.4833187162876129,2.470959424972534,0.4481000006198883,2.6501293182373047,50000.0,0.3416000306606293,3.2876079082489014,10000.0,2079.135133266449,2194.8848955631256,2079.135133266449,115.28256273269652,0.109339952468872,0.0
11500,0.40844405,4.151321,,,,,,,,,,,,,,
12000,0.41099697,4.1796775,,,,,,,,,,,,,,
12500,0.407373,4.163122,,,,,,,,,,,,,,
13000,0.40794483,4.0779977,,,,,,,,,,,,,,
13500,0.42242882,4.157648,,,,,,,,,,,,,,
14000,0.4071594,4.197688,,,,,,,,,,,,,,
14036,,,0.4928451776504516,2.44167160987854,0.4616599977016449,2.5923407077789307,50000.0,0.352400004863739,3.253528118133545,10000.0,2589.1811945438385,2723.163457632065,2589.1811945438385,133.39499020576477,0.1392099857330322,0.0
14500,0.42654088,4.2311325,,,,,,,,,,,,,,
15000,0.42195353,4.229188,,,,,,,,,,,,,,
15500,0.4073978,4.104715,,,,,,,,,,,,,,
16000,0.41648898,4.1022487,,,,,,,,,,,,,,
16500,0.41565046,4.0324826,,,,,,,,,,,,,,
16845,,,0.5042849183082581,2.375934839248657,0.4754199981689453,2.5212173461914062,50000.0,0.3671000301837921,3.162528276443481,10000.0,3099.06081533432,3251.3906412124634,3099.06081533432,151.62206530570984,0.1710073947906494,0.0
17000,0.44621962,4.162196,,,,,,,,,,,,,,
17500,0.4119312,4.1112967,,,,,,,,,,,,,,
18000,0.41079473,3.9940267,,,,,,,,,,,,,,
18500,0.4142395,4.0258536,,,,,,,,,,,,,,
19000,0.42276794,4.000695,,,,,,,,,,,,,,
19500,0.43136245,3.986877,,,,,,,,,,,,,,
19655,,,0.516621470451355,2.2864809036254883,0.4909399747848511,2.429770469665528,50000.0,0.3792000114917755,3.102672815322876,10000.0,3608.947757005692,3779.92001414299,3608.947757005692,170.14759874343872,0.1975326538085937,0.0
20000,0.42219588,3.9761596,,,,,,,,,,,,,,
20500,0.4157733,4.064527,,,,,,,,,,,,,,
21000,0.4274242,4.0923147,,,,,,,,,,,,,,
21500,0.43405873,4.070719,,,,,,,,,,,,,,
22000,0.42147145,3.8641448,,,,,,,,,,,,,,
22466,,,0.5379264950752258,2.1756951808929443,0.5106399655342102,2.30892014503479,50000.0,0.3899000287055969,2.973999261856079,10000.0,4118.965543985367,4308.747456789017,4118.965543985367,188.8380012512207,0.2270636558532714,0.0
22500,0.42494267,4.0617046,,,,,,,,,,,,,,
23000,0.4330186,4.0218782,,,,,,,,,,,,,,
23500,0.43116745,4.0975704,,,,,,,,,,,,,,
24000,0.42853355,4.0226088,,,,,,,,,,,,,,
24500,0.41819626,3.9678802,,,,,,,,,,,,,,
25000,0.4443893,3.96931,,,,,,,,,,,,,,
25275,,,0.5290178656578064,2.225160837173462,0.5007199645042419,2.3718740940093994,50000.0,0.3817000091075897,3.052275896072388,10000.0,4628.95613360405,4839.673331737518,4628.95613360405,209.6465151309967,0.2606830596923828,0.0
25500,0.43390435,3.9300656,,,,,,,,,,,,,,
26000,0.42611378,3.997865,,,,,,,,,,,,,,
26500,0.43290904,4.0109334,,,,,,,,,,,,,,
27000,0.43998232,3.9214568,,,,,,,,,,,,,,
27500,0.43278533,3.8997138,,,,,,,,,,,,,,
28000,0.44218692,3.9884844,,,,,,,,,,,,,,
28084,,,0.5485690236091614,2.1369452476501465,0.5232999920845032,2.2611072063446045,50000.0,0.4061000049114227,2.925768613815308,10000.0,5138.88924074173,5371.2177946567535,5138.88924074173,231.13219547271729,0.2956113815307617,0.0
28500,0.42671365,4.0342717,,,,,,,,,,,,,,
29000,0.4363898,3.8244185,,,,,,,,,,,,,,
29500,0.44010156,3.887133,,,,,,,,,,,,,,
30000,0.4441915,3.877558,,,,,,,,,,,,,,
30500,0.4375099,3.8731627,,,,,,,,,,,,,,
30892,,,0.5383848547935486,2.1873598098754883,0.5109400153160095,2.30798602104187,50000.0,0.396200031042099,2.9860281944274902,10000.0,5648.814496278763,5901.284316062927,5648.814496278763,251.1506080627441,0.329829454421997,0.0
31000,0.4379841,3.9218917,,,,,,,,,,,,,,
31500,0.43855816,3.82941,,,,,,,,,,,,,,
32000,0.43998823,4.051339,,,,,,,,,,,,,,
32500,0.45300263,3.8267405,,,,,,,,,,,,,,
33000,0.4371426,3.9257617,,,,,,,,,,,,,,
33500,0.4414079,3.9094663,,,,,,,,,,,,,,
33699,,,0.5612045526504517,2.0527260303497314,0.5278599858283997,2.2167325019836426,50000.0,0.4129000306129455,2.867882251739502,10000.0,6158.743594884872,6431.999586820602,6158.743594884872,271.8153614997864,0.3610966205596924,0.0
34000,0.4451176,3.8999758,,,,,,,,,,,,,,
34500,0.44944343,3.942821,,,,,,,,,,,,,,
35000,0.43189654,3.744202,,,,,,,,,,,,,,
35500,0.44265145,4.022738,,,,,,,,,,,,,,
36000,0.44185457,3.705549,,,,,,,,,,,,,,
36500,0.43080795,3.794255,,,,,,,,,,,,,,
36509,,,0.6098333597183228,1.8721224069595337,0.5256400108337402,2.249420166015625,50000.0,0.4086000323295593,2.9109206199646,10000.0,6668.75258231163,6961.447009801865,6668.75258231163,291.1131405830384,0.4061269760131836,0.0
37000,0.44435334,3.8629525,,,,,,,,,,,,,,
37500,0.4491767,3.9266956,,,,,,,,,,,,,,
38000,0.4500301,3.9084272,,,,,,,,,,,,,,
38500,0.45575672,3.8927436,,,,,,,,,,,,,,
39000,0.4440543,3.8539922,,,,,,,,,,,,,,
39318,,,0.5975764989852905,1.9000749588012693,0.5384399890899658,2.1795661449432373,50000.0,0.4187000095844269,2.854575157165528,10000.0,7178.742904424667,7492.493213653564,7178.742904424667,312.04736709594727,0.4363114833831787,0.0
39500,0.45459947,3.7438593,,,,,,,,,,,,,,
40000,0.45598397,3.9449577,,,,,,,,,,,,,,
40500,0.4309309,3.8574042,,,,,,,,,,,,,,
41000,0.43935743,3.680558,,,,,,,,,,,,,,
41500,0.46739805,3.8160164,,,,,,,,,,,,,,
42000,0.45627642,3.8098173,,,,,,,,,,,,,,
42126,,,0.5855787396430969,1.9755046367645264,0.5410799980163574,2.189442873001098,50000.0,0.414900004863739,2.8620636463165283,10000.0,7688.719514369965,8024.053572177887,7688.719514369965,333.4987795352936,0.477977991104126,0.0
42500,0.44708586,3.817588,,,,,,,,,,,,,,
43000,0.44475472,3.8422766,,,,,,,,,,,,,,
43500,0.45923123,3.7325034,,,,,,,,,,,,,,
44000,0.46413085,3.8731556,,,,,,,,,,,,,,
44500,0.45054018,3.8708704,,,,,,,,,,,,,,
44935,,,0.6030572056770325,1.8343355655670168,0.5600599646568298,2.044644832611084,50000.0,0.4405000209808349,2.7189035415649414,10000.0,8198.649980545044,8558.638590335846,8198.649980545044,358.0307970046997,0.5081648826599121,0.0
45000,0.4548705,3.7299361,,,,,,,,,,,,,,
45500,0.45820907,3.8199453,,,,,,,,,,,,,,
46000,0.45862442,3.8747997,,,,,,,,,,,,,,
46500,0.434549,3.6889403,,,,,,,,,,,,,,
47000,0.46784553,3.8299737,,,,,,,,,,,,,,
47500,0.4499095,3.7551613,,,,,,,,,,,,,,
47744,,,0.5924545526504517,1.927284836769104,0.5535599589347839,2.119499683380127,50000.0,0.4309000074863434,2.7724545001983643,10000.0,8708.554129123688,9091.029710054398,8708.554129123688,380.3906214237213,0.5432441234588623,0.0
48000,0.46537483,3.8092024,,,,,,,,,,,,,,
48500,0.4420044,3.665381,,,,,,,,,,,,,,
49000,0.454872,3.7660894,,,,,,,,,,,,,,
49500,0.4518515,3.7528133,,,,,,,,,,,,,,
50000,0.46461177,3.7240934,,,,,,,,,,,,,,
50500,0.46381438,3.7580738,,,,,,,,,,,,,,
50554,,,0.5901028513908386,1.929429292678833,0.5543199777603149,2.096645832061768,50000.0,0.4266000092029571,2.7711341381073,10000.0,9218.479825258257,9623.909902572632,9218.479825258257,403.2237658500672,0.5750327110290527,0.0
51000,0.45756024,3.6369627,,,,,,,,,,,,,,
51500,0.468032,3.7560475,,,,,,,,,,,,,,
52000,0.466697,3.7666233,,,,,,,,,,,,,,
52500,0.48468825,3.9201694,,,,,,,,,,,,,,
53000,0.4630125,3.7694478,,,,,,,,,,,,,,
53363,,,0.5937101244926453,1.9251199960708616,0.5542399883270264,2.095377206802368,50000.0,0.4374000132083893,2.754514217376709,10000.0,9728.36764883995,10158.485095024109,9728.36764883995,427.7965428829193,0.6011092662811279,0.0
53500,0.47902778,3.893669,,,,,,,,,,,,,,
54000,0.47869158,3.7803025,,,,,,,,,,,,,,
54500,0.46254814,3.703516,,,,,,,,,,,,,,
55000,0.4771356,3.6988032,,,,,,,,,,,,,,
55500,0.47003344,3.7030573,,,,,,,,,,,,,,
56000,0.47489506,3.855005,,,,,,,,,,,,,,
56172,,,0.6036351919174194,1.8868541717529297,0.5629400014877319,2.0698935985565186,50000.0,0.4381000101566314,2.715358018875122,10000.0,10238.427752017977,10692.222826719284,10238.427752017977,451.3575351238251,0.6278159618377686,0.0
56500,0.4839247,3.7353017,,,,,,,,,,,,,,
57000,0.47428888,3.666627,,,,,,,,,,,,,,
57500,0.46829012,3.7143412,,,,,,,,,,,,,,
58000,0.49199376,3.828913,,,,,,,,,,,,,,
58500,0.47536734,3.6809402,,,,,,,,,,,,,,
58981,,,0.6097536683082581,1.850371599197388,0.575980007648468,2.001864433288574,50000.0,0.45660001039505,2.6520166397094727,10000.0,10748.354861974716,11226.00513100624,10748.354861974716,475.08420515060425,0.6614036560058594,0.0
59000,0.4803418,3.707683,,,,,,,,,,,,,,
59500,0.48749927,3.6775756,,,,,,,,,,,,,,
60000,0.48666233,3.693726,,,,,,,,,,,,,,
60500,0.48648354,3.713503,,,,,,,,,,,,,,
61000,0.47352406,3.72466,,,,,,,,,,,,,,
61500,0.48106906,3.6630616,,,,,,,,,,,,,,
61792,,,0.6163105964660645,1.812955498695373,0.5788999795913696,1.9795621633529663,50000.0,0.4531000256538391,2.650408267974853,10000.0,11258.367656707764,11759.852581262589,11258.367656707764,498.7977118492127,0.6938827037811279,0.0
62000,0.47774494,3.6378236,,,,,,,,,,,,,,
62500,0.48543963,3.7165313,,,,,,,,,,,,,,
63000,0.47771576,3.687908,,,,,,,,,,,,,,
63500,0.49621373,3.7054892,,,,,,,,,,,,,,
64000,0.47975487,3.629252,,,,,,,,,,,,,,
64500,0.47528282,3.6336808,,,,,,,,,,,,,,
64601,,,0.6098533272743225,1.857517957687378,0.5766000151634216,2.0250394344329834,50000.0,0.4572000205516815,2.6506733894348145,10000.0,11768.252495288849,12293.022606134416,11768.252495288849,521.952006816864,0.7330019474029541,0.0
65000,0.48277405,3.6577857,,,,,,,,,,,,,,
65500,0.5014906,3.800043,,,,,,,,,,,,,,
66000,0.4918417,3.5800128,,,,,,,,,,,,,,
66500,0.47213486,3.6164062,,,,,,,,,,,,,,
67000,0.5097704,3.7157605,,,,,,,,,,,,,,
67410,,,0.6324737071990967,1.7457120418548584,0.5887399911880493,1.934859156608581,50000.0,0.4688000082969665,2.5784528255462646,10000.0,12278.215480327606,12827.258270025251,12278.215480327606,546.1019096374512,0.7637128829956055,0.0
67500,0.5086227,3.6908875,,,,,,,,,,,,,,
68000,0.51477027,3.6330888,,,,,,,,,,,,,,
68500,0.49427667,3.5434065,,,,,,,,,,,,,,
69000,0.4965015,3.6133854,,,,,,,,,,,,,,
69500,0.47885394,3.550282,,,,,,,,,,,,,,
70000,0.50856256,3.6822371,,,,,,,,,,,,,,
70217,,,0.6731704473495483,1.5815236568450928,0.5878599882125854,1.9684792757034304,50000.0,0.4698000252246856,2.615736484527588,10000.0,12788.216607809069,13359.0311024189,12788.216607809069,567.7520003318787,0.7960903644561768,0.0
70500,0.49344575,3.6187909,,,,,,,,,,,,,,
71000,0.5073091,3.5926864,,,,,,,,,,,,,,
71500,0.5020314,3.6719737,,,,,,,,,,,,,,
72000,0.5141121,3.643947,,,,,,,,,,,,,,
72500,0.51035684,3.6932175,,,,,,,,,,,,,,
73000,0.5184692,3.6265767,,,,,,,,,,,,,,
73027,,,0.6520248651504517,1.6730637550354004,0.5866999626159668,1.9701958894729608,50000.0,0.4586000144481659,2.622561454772949,10000.0,13298.16697025299,13890.320236682892,13298.16697025299,588.9511861801147,0.8440396785736084,0.0
73500,0.5049759,3.6771305,,,,,,,,,,,,,,
74000,0.5082009,3.6197057,,,,,,,,,,,,,,
74500,0.4945924,3.553731,,,,,,,,,,,,,,
75000,0.51077986,3.5869756,,,,,,,,,,,,,,
75500,0.5092574,3.4888844,,,,,,,,,,,,,,
75836,,,0.6688257455825806,1.5871577262878418,0.6103799939155579,1.8433527946472168,50000.0,0.4841000139713287,2.5036115646362305,10000.0,13808.067230701448,14421.22802209854,13808.067230701448,609.835752248764,0.8771841526031494,0.0
76000,0.5207841,3.5593219,,,,,,,,,,,,,,
76500,0.5078984,3.493366,,,,,,,,,,,,,,
77000,0.5294417,3.5968463,,,,,,,,,,,,,,
77500,0.52146786,3.5499701,,,,,,,,,,,,,,
78000,0.5017729,3.58307,,,,,,,,,,,,,,
78500,0.51069444,3.55235,,,,,,,,,,,,,,
78647,,,0.6624082922935486,1.617139220237732,0.6099599599838257,1.8513147830963133,50000.0,0.4866000115871429,2.4859347343444824,10000.0,14318.115080595016,14958.747246026993,14318.115080595016,637.1810598373413,0.9124436378479004,0.0
79000,0.5111815,3.6047683,,,,,,,,,,,,,,
79500,0.5158072,3.5802555,,,,,,,,,,,,,,
80000,0.53204644,3.5948973,,,,,,,,,,,,,,
80500,0.50447625,3.4577672,,,,,,,,,,,,,,
81000,0.5357001,3.6390057,,,,,,,,,,,,,,
81456,,,0.645906388759613,1.6796780824661257,0.6014800071716309,1.8915008306503296,50000.0,0.4756000339984894,2.5513505935668945,10000.0,14828.103749036787,15488.91557765007,14828.103749036787,657.2395513057709,0.9447917938232422,0.0
81500,0.5436628,3.6578772,,,,,,,,,,,,,,
82000,0.5421014,3.5762699,,,,,,,,,,,,,,
82500,0.5481625,3.4876237,,,,,,,,,,,,,,
83000,0.5331204,3.482522,,,,,,,,,,,,,,
83500,0.5149748,3.4415274,,,,,,,,,,,,,,
84000,0.54677,3.4958472,,,,,,,,,,,,,,
84267,,,0.6578842401504517,1.6404576301574707,0.6136800050735474,1.8449496030807493,50000.0,0.4860000312328338,2.4789185523986816,10000.0,15338.051067590714,16020.547025203705,15338.051067590714,678.7950310707092,0.9780173301696776,0.0
84500,0.56062466,3.6103058,,,,,,,,,,,,,,
85000,0.5389823,3.5733106,,,,,,,,,,,,,,
85500,0.5675534,3.6020002,,,,,,,,,,,,,,
86000,0.544343,3.49209,,,,,,,,,,,,,,
86500,0.53552765,3.510542,,,,,,,,,,,,,,
87000,0.5493458,3.3877983,,,,,,,,,,,,,,
87077,,,0.6678889989852905,1.5783772468566897,0.6217399835586548,1.7732410430908203,50000.0,0.4966000318527221,2.4108152389526367,10000.0,15848.019825696943,16550.869858264923,15848.019825696943,699.0264530181885,1.0111169815063477,0.0
87500,0.54073066,3.4624414,,,,,,,,,,,,,,
88000,0.555826,3.483636,,,,,,,,,,,,,,
88500,0.56817687,3.5153122,,,,,,,,,,,,,,
89000,0.54430073,3.4123576,,,,,,,,,,,,,,
89500,0.554305,3.5154161,,,,,,,,,,,,,,
89887,,,0.6729910373687744,1.5459370613098145,0.6239199638366699,1.7690690755844116,50000.0,0.5028000473976135,2.418233156204224,10000.0,16357.967458724976,17082.90966629982,16357.967458724976,720.9941301345825,1.046532154083252,0.0
90000,0.5367057,3.429302,,,,,,,,,,,,,,
90500,0.54859704,3.5083132,,,,,,,,,,,,,,
91000,0.5524766,3.3877532,,,,,,,,,,,,,,
91500,0.5487314,3.550994,,,,,,,,,,,,,,
92000,0.5496496,3.492817,,,,,,,,,,,,,,
92500,0.5555221,3.4380634,,,,,,,,,,,,,,
92698,,,0.6764190196990967,1.5440995693206787,0.6328999996185303,1.74272620677948,50000.0,0.5101000070571899,2.3821768760681152,10000.0,16868.0272295475,17612.059515476227,16868.0272295475,739.9654176235199,1.0766267776489258,0.0
93000,0.574006,3.434888,,,,,,,,,,,,,,
93500,0.5556179,3.4935405,,,,,,,,,,,,,,
94000,0.5558563,3.4001267,,,,,,,,,,,,,,
94500,0.5666017,3.3812828,,,,,,,,,,,,,,
95000,0.57692605,3.4766874,,,,,,,,,,,,,,
95500,0.5735339,3.3234055,,,,,,,,,,,,,,
95509,,,0.6886360049247742,1.4965471029281616,0.6438599824905396,1.6948471069335938,50000.0,0.5175000429153442,2.333891630172729,10000.0,17377.905303001404,18140.27098608017,17377.905303001404,758.1704969406128,1.1112191677093506,0.0
96000,0.58302695,3.5148385,,,,,,,,,,,,,,
96500,0.6036699,3.4916043,,,,,,,,,,,,,,
97000,0.57501376,3.451396,,,,,,,,,,,,,,
97500,0.5893277,3.4421306,,,,,,,,,,,,,,
98000,0.6076565,3.3793943,,,,,,,,,,,,,,
98320,,,0.6938377022743225,1.4277307987213137,0.6497200131416321,1.628403663635254,50000.0,0.5182999968528748,2.284141540527344,10000.0,17887.787921190262,18668.44917845726,17887.787921190262,776.3388483524323,1.1502656936645508,0.0
98500,0.5924691,3.3998048,,,,,,,,,,,,,,
99000,0.58704996,3.392606,,,,,,,,,,,,,,
99500,0.6047101,3.4255238,,,,,,,,,,,,,,
100000,0.62576234,3.4113374,,,,,,,,,,,,,,
100500,0.58403426,3.418346,,,,,,,,,,,,,,
101000,0.5751879,3.3020885,,,,,,,,,,,,,,
101129,,,0.7052973508834839,1.406061053276062,0.6511200070381165,1.633562445640564,50000.0,0.522599995136261,2.281493663787842,10000.0,18397.755425691605,19196.148114442825,18397.755425691605,793.9465079307556,1.1844494342803955,0.0
101500,0.6150788,3.3951125,,,,,,,,,,,,,,
102000,0.5916683,3.3539243,,,,,,,,,,,,,,
102500,0.6117552,3.4237344,,,,,,,,,,,,,,
103000,0.584072,3.362096,,,,,,,,,,,,,,
103500,0.5938589,3.3498569,,,,,,,,,,,,,,
103939,,,0.7524513602256775,1.2095069885253906,0.6575999855995178,1.598398208618164,50000.0,0.5339000225067139,2.2238636016845703,10000.0,18907.7311103344,19724.4368197918,18907.7311103344,812.1368012428284,1.2169291973114014,0.0
104000,0.59963524,3.2983212,,,,,,,,,,,,,,
104500,0.6094701,3.34938,,,,,,,,,,,,,,
105000,0.63517994,3.374815,,,,,,,,,,,,,,
105500,0.627829,3.3541322,,,,,,,,,,,,,,
106000,0.6324911,3.347514,,,,,,,,,,,,,,
106500,0.6067432,3.2620711,,,,,,,,,,,,,,
106749,,,0.7403738498687744,1.256012201309204,0.6581000089645386,1.60061776638031,50000.0,0.5315000414848328,2.2344987392425537,10000.0,19417.62467956543,20252.0008995533,19417.62467956543,829.6799504756927,1.2548072338104248,0.0
107000,0.6326605,3.2577274,,,,,,,,,,,,,,
107500,0.60992473,3.2546153,,,,,,,,,,,,,,
108000,0.62091535,3.2599711,,,,,,,,,,,,,,
108500,0.62849647,3.3003464,,,,,,,,,,,,,,
109000,0.62791896,3.290051,,,,,,,,,,,,,,
109500,0.65391374,3.2753153,,,,,,,,,,,,,,
109560,,,0.7405133843421936,1.2657791376113892,0.6663399934768677,1.583737015724182,50000.0,0.5448000431060791,2.21289610862732,10000.0,19927.61045193672,20779.726460456848,19927.61045193672,847.2937185764313,1.289489507675171,0.0
110000,0.6709797,3.3729103,,,,,,,,,,,,,,
110500,0.6647735,3.3400643,,,,,,,,,,,,,,
111000,0.6390461,3.263321,,,,,,,,,,,,,,
111500,0.6674403,3.3406293,,,,,,,,,,,,,,
112000,0.63769895,3.1593013,,,,,,,,,,,,,,
112370,,,0.7446388602256775,1.229624629020691,0.6768800020217896,1.5161625146865845,50000.0,0.5543000102043152,2.1517488956451416,10000.0,20437.60849618912,21307.419775009155,20437.60849618912,864.8620934486389,1.326627492904663,0.0
112500,0.65348315,3.2028904,,,,,,,,,,,,,,
113000,0.67994493,3.2637763,,,,,,,,,,,,,,
113500,0.6822147,3.2099757,,,,,,,,,,,,,,
114000,0.6710571,3.194164,,,,,,,,,,,,,,
114500,0.67328393,3.2232966,,,,,,,,,,,,,,
115000,0.6807145,3.1320543,,,,,,,,,,,,,,
115181,,,0.7556201815605164,1.190289855003357,0.6910399794578552,1.4795939922332764,50000.0,0.5596000552177429,2.106682300567627,10000.0,20947.64518761635,21835.21485757828,20947.64518761635,882.4962873458862,1.360917568206787,0.0
115500,0.73922044,3.3195846,,,,,,,,,,,,,,
116000,0.70701855,3.1646476,,,,,,,,,,,,,,
116500,0.66565454,3.1569333,,,,,,,,,,,,,,
117000,0.6973899,3.125675,,,,,,,,,,,,,,
117500,0.68498063,3.1202428,,,,,,,,,,,,,,
117991,,,0.7688137888908386,1.127739191055298,0.6998199820518494,1.4276926517486572,50000.0,0.5718000531196594,2.0509040355682373,10000.0,21457.53855085373,22362.81521010399,21457.53855085373,900.0796000957489,1.3957161903381348,0.0
118000,0.694594,3.1436744,,,,,,,,,,,,,,
118500,0.697546,3.1531785,,,,,,,,,,,,,,
119000,0.71130353,3.104694,,,,,,,,,,,,,,
119500,0.7319753,3.145764,,,,,,,,,,,,,,
120000,0.7173941,3.0035262,,,,,,,,,,,,,,
120500,0.6854261,3.0443099,,,,,,,,,,,,,,
120800,,,0.7773038744926453,1.0774314403533936,0.7059400081634521,1.373658299446106,50000.0,0.5796000361442566,1.9862518310546875,10000.0,21967.416944026947,22893.36046242714,21967.416944026947,920.617835521698,1.4305720329284668,0.0
121000,0.73274076,3.0194573,,,,,,,,,,,,,,
121500,0.72866446,3.0481248,,,,,,,,,,,,,,
122000,0.73723555,3.0655103,,,,,,,,,,,,,,
122500,0.7456065,3.1060627,,,,,,,,,,,,,,
123000,0.7539805,3.028302,,,,,,,,,,,,,,
123500,0.75437784,3.076482,,,,,,,,,,,,,,
123610,,,0.7887236475944519,1.0411092042922974,0.7205599546432495,1.342443823814392,50000.0,0.5943000316619873,1.944501876831055,10000.0,22477.35790538788,23421.203782081604,22477.35790538788,938.401240348816,1.460312843322754,0.0
124000,0.81113094,3.129161,,,,,,,,,,,,,,
124500,0.7687681,2.9390254,,,,,,,,,,,,,,
125000,0.7975581,3.0511923,,,,,,,,,,,,,,
125500,0.7892603,3.0247195,,,,,,,,,,,,,,
126000,0.79528975,2.9289095,,,,,,,,,,,,,,
126421,,,0.8101881146430969,0.9542239904403688,0.7309399843215942,1.2795382738113403,50000.0,0.6060000061988831,1.878145813941956,10000.0,22987.358740091324,23949.7249455452,22987.358740091324,956.7962579727172,1.4970099925994873,0.0
126500,0.78367937,2.9348345,,,,,,,,,,,,,,
127000,0.8004404,2.9494133,,,,,,,,,,,,,,
127500,0.8243254,2.922196,,,,,,,,,,,,,,
128000,0.80092096,2.9369748,,,,,,,,,,,,,,
128500,0.87715214,3.043929,,,,,,,,,,,,,,
129000,0.8561382,2.9639509,,,,,,,,,,,,,,
129232,,,0.8279455900192261,0.877056360244751,0.7427600026130676,1.2180293798446655,50000.0,0.6212000250816345,1.8021321296691888,10000.0,23497.319289684296,24477.39676475525,23497.319289684296,974.3784441947936,1.533355712890625,0.0
129500,0.8442052,2.9044263,,,,,,,,,,,,,,
130000,0.7868228,2.793962,,,,,,,,,,,,,,
130500,0.8136447,2.8886204,,,,,,,,,,,,,,
131000,0.8369268,2.858424,,,,,,,,,,,,,,
131500,0.8916689,2.9048302,,,,,,,,,,,,,,
132000,0.8254869,2.877914,,,,,,,,,,,,,,
132045,,,0.8474768400192261,0.8029673099517822,0.756879985332489,1.1657541990280151,50000.0,0.6394000053405762,1.7313377857208252,10000.0,24007.340938329697,25005.19687461853,24007.340938329697,992.0296437740326,1.570453643798828,0.0
132500,0.8424206,2.8087306,,,,,,,,,,,,,,
133000,0.8362731,2.7962966,,,,,,,,,,,,,,
133500,0.8475813,2.787343,,,,,,,,,,,,,,
134000,0.87633896,2.7893856,,,,,,,,,,,,,,
134500,0.8445539,2.7625427,,,,,,,,,,,,,,
134857,,,0.8592354655265808,0.7484070658683777,0.7630999684333801,1.1406275033950806,50000.0,0.6477000117301941,1.6970221996307373,10000.0,24517.31483054161,25532.78173041344,24517.31483054161,1009.5150735378264,1.6044492721557615,0.0
135000,0.8656409,2.8164532,,,,,,,,,,,,,,
135500,0.8656563,2.8041546,,,,,,,,,,,,,,
136000,0.8632058,2.7875862,,,,,,,,,,,,,,
136500,0.84763175,2.7739348,,,,,,,,,,,,,,
137000,0.82005143,2.788311,,,,,,,,,,,,,,
137500,0.7690372,2.6944222,,,,,,,,,,,,,,
137668,,,0.8620455861091614,0.7470542788505554,0.763219952583313,1.1393851041793823,50000.0,0.6467000246047974,1.6975725889205933,10000.0,25027.216710329056,26060.3983681202,25027.216710329056,1027.0995848178864,1.6429941654205322,0.0
138000,0.8407564,2.7992017,,,,,,,,,,,,,,
138500,0.83374375,2.795427,,,,,,,,,,,,,,
139000,0.8459332,2.7540793,,,,,,,,,,,,,,
139500,0.8607675,2.7802014,,,,,,,,,,,,,,
140000,0.84828585,2.8290365,,,,,,,,,,,,,,
140480,,,0.8608497977256775,0.7480168342590332,0.7636799812316895,1.1389931440353394,50000.0,0.6481000185012817,1.693626880645752,10000.0,25537.2121386528,26588.92989349365,25537.2121386528,1045.5076894760132,1.6779308319091797,0.0
140500,0.8396462,2.7218666,,,,,,,,,,,,,,
141000,0.86369777,2.77708,,,,,,,,,,,,,,
141500,0.8626682,2.7854857,,,,,,,,,,,,,,
142000,0.8984966,2.8100162,,,,,,,,,,,,,,
142500,0.9053803,2.766798,,,,,,,,,,,,,,
143000,0.8897578,2.8099303,,,,,,,,,,,,,,
143291,,,0.8587571382522583,0.7474705576896667,0.7634999752044678,1.134859323501587,50000.0,0.6470000147819519,1.6911301612854004,10000.0,26047.18152713776,27116.764947652817,26047.18152713776,1063.2456469535828,1.715416431427002,0.0
143500,0.86528057,2.7608933,,,,,,,,,,,,,,
144000,0.9018496,2.8506317,,,,,,,,,,,,,,
144500,0.92538816,2.872757,,,,,,,,,,,,,,
145000,0.8417168,2.7111597,,,,,,,,,,,,,,
145500,0.91157514,2.7925715,,,,,,,,,,,,,,
146000,0.89003617,2.8319888,,,,,,,,,,,,,,
146102,,,0.8621252775192261,0.7498049736022949,0.7643599510192871,1.1372393369674685,50000.0,0.6493000388145447,1.694334626197815,10000.0,26557.20747065544,27644.881666898727,26557.20747065544,1081.19753074646,1.762721300125122,0.0
146500,0.88291806,2.8039546,,,,,,,,,,,,,,
147000,0.8643322,2.7647312,,,,,,,,,,,,,,
147500,0.90186346,2.800398,,,,,,,,,,,,,,
148000,0.8874696,2.7496383,,,,,,,,,,,,,,
148500,0.8637458,2.705344,,,,,,,,,,,,,,
148914,,,0.8628228306770325,0.743279755115509,0.7644199728965759,1.1323521137237549,50000.0,0.65010005235672,1.6888558864593506,10000.0,27067.21181702614,28172.453258514404,27067.21181702614,1098.6343348026276,1.8031542301177976,0.0
149000,0.92157495,2.8402622,,,,,,,,,,,,,,
149500,0.919361,2.7894635,,,,,,,,,,,,,,
150000,0.9430112,2.7948885,,,,,,,,,,,,,,
150500,0.8583337,2.8258948,,,,,,,,,,,,,,
151000,0.8939598,2.8311954,,,,,,,,,,,,,,
151500,0.85988045,2.7399442,,,,,,,,,,,,,,
151724,,,0.8606704473495483,0.7461697459220886,0.7648400068283081,1.1311298608779907,50000.0,0.6498000025749207,1.688578963279724,10000.0,27577.20478916168,28700.60093593597,27577.20478916168,1116.6591629981997,1.8424439430236816,0.0
152000,0.88116705,2.7788668,,,,,,,,,,,,,,
152500,0.8851623,2.8173676,,,,,,,,,,,,,,
153000,0.8919475,2.738881,,,,,,,,,,,,,,
153500,0.91718906,2.835203,,,,,,,,,,,,,,
154000,0.8642585,2.706861,,,,,,,,,,,,,,
154500,0.83119136,2.7004669,,,,,,,,,,,,,,
154535,,,0.8603515625,0.746981143951416,0.7651999592781067,1.136237859725952,50000.0,0.6504000425338745,1.6936733722686768,10000.0,28087.249876976013,29228.215181350708,28087.249876976013,1134.1010489463806,1.8775477409362795,0.0
155000,0.9272672,2.849215,,,,,,,,,,,,,,
155500,0.8802645,2.8021448,,,,,,,,,,,,,,
156000,0.89867294,2.7710805,,,,,,,,,,,,,,
156500,0.8512524,2.7488177,,,,,,,,,,,,,,
157000,0.88789654,2.7328312,,,,,,,,,,,,,,
157346,,,0.8623843789100647,0.7468582391738892,0.765019953250885,1.1292741298675537,50000.0,0.6503000259399414,1.6862452030181885,10000.0,28597.254593849186,29755.98441886902,28597.254593849186,1151.7358434200287,1.916239738464356,0.0
157500,0.85468674,2.7429214,,,,,,,,,,,,,,
158000,0.8958808,2.7148695,,,,,,,,,,,,,,
158500,0.87412894,2.7485998,,,,,,,,,,,,,,
159000,0.9496151,2.8551726,,,,,,,,,,,,,,
159500,0.88371885,2.7321417,,,,,,,,,,,,,,
160000,0.8809787,2.7693772,,,,,,,,,,,,,,
160157,,,0.8634008169174194,0.7377191781997681,0.7651999592781067,1.1320921182632446,50000.0,0.6502000093460083,1.6894065141677856,10000.0,29107.170354127884,30283.3311150074,29107.170354127884,1169.0401241779327,1.952464580535889,0.0
160500,0.9154512,2.7281032,,,,,,,,,,,,,,
161000,0.9206285,2.7667792,,,,,,,,,,,,,,
161500,0.8651291,2.7702537,,,,,,,,,,,,,,
162000,0.92386854,2.6939983,,,,,,,,,,,,,,
162500,0.90181786,2.795515,,,,,,,,,,,,,,
162967,,,0.865632951259613,0.7323713898658752,0.7657999992370605,1.130832552909851,50000.0,0.65010005235672,1.6847559213638306,10000.0,29617.048443078995,30810.744643211365,29617.048443078995,1186.4453101158142,1.990326166152954,0.0
163000,0.8783967,2.7296114,,,,,,,,,,,,,,
163500,0.87615454,2.7049665,,,,,,,,,,,,,,
164000,0.9431459,2.7986412,,,,,,,,,,,,,,
164500,0.9182495,2.8485217,,,,,,,,,,,,,,
165000,0.87983304,2.81149,,,,,,,,,,,,,,
165500,0.9140528,2.7848587,,,,,,,,,,,,,,
165779,,,0.8631417155265808,0.737945020198822,0.7654399871826172,1.1309257745742798,50000.0,0.6500000357627869,1.6848125457763672,10000.0,30127.06136870384,31338.699058294296,30127.06136870384,1204.2570366859436,2.0283799171447754,0.0
166000,0.86996126,2.7193298,,,,,,,,,,,,,,
166500,0.88445956,2.7314293,,,,,,,,,,,,,,
167000,0.8421054,2.7006629,,,,,,,,,,,,,,
167500,0.9331602,2.705841,,,,,,,,,,,,,,
168000,0.9271708,2.7836566,,,,,,,,,,,,,,
168500,0.91479,2.8057163,,,,,,,,,,,,,,
168590,,,0.8643972873687744,0.7392303943634033,0.7665999531745911,1.1317466497421265,50000.0,0.6504000425338745,1.6857174634933472,10000.0,30637.082643270493,31866.7074546814,30637.082643270493,1222.1124918460846,2.06549072265625,0.0
169000,0.9211033,2.7908149,,,,,,,,,,,,,,
169500,0.9206643,2.787037,,,,,,,,,,,,,,
170000,0.88458365,2.6909704,,,,,,,,,,,,,,
170500,0.8853432,2.7592669,,,,,,,,,,,,,,
171000,0.9118219,2.8232434,,,,,,,,,,,,,,
171402,,,0.8664301633834839,0.7219376564025879,0.7665599584579468,1.1241357326507568,50000.0,0.6508000493049622,1.6809180974960327,10000.0,31147.037385463715,32394.316321849823,31147.037385463715,1239.6381602287292,2.1022064685821533,0.0
171500,0.9186169,2.7303,,,,,,,,,,,,,,
172000,0.8850838,2.7634892,,,,,,,,,,,,,,
172500,0.91383505,2.7555175,,,,,,,,,,,,,,
173000,0.89601797,2.7191086,,,,,,,,,,,,,,
173500,0.8814909,2.732803,,,,,,,,,,,,,,
174000,0.94593936,2.8483584,,,,,,,,,,,,,,
174214,,,0.8652941584587097,0.734643816947937,0.766979992389679,1.1310449838638306,50000.0,0.6514000296592712,1.686958074569702,10000.0,31656.975496053696,32921.88840174675,31656.975496053696,1257.1457471847534,2.1405720710754395,0.0
174500,0.8575942,2.7634368,,,,,,,,,,,,,,
175000,0.9147649,2.7775607,,,,,,,,,,,,,,
175500,0.9388538,2.7615614,,,,,,,,,,,,,,
176000,0.85175914,2.647355,,,,,,,,,,,,,,
176500,0.92561066,2.7832296,,,,,,,,,,,,,,
177000,0.87930197,2.6614218,,,,,,,,,,,,,,
177024,,,0.8670280575752258,0.7283276915550232,0.7667999863624573,1.1249099969863892,50000.0,0.6497000455856323,1.6827945709228516,10000.0,32166.867676973343,33449.55511856079,32166.867676973343,1274.7884957790377,2.179606437683105,0.0
177500,0.90205806,2.817617,,,,,,,,,,,,,,
178000,0.94087905,2.8359017,,,,,,,,,,,,,,
178500,0.87549186,2.6758692,,,,,,,,,,,,,,
179000,0.90834486,2.7120821,,,,,,,,,,,,,,
179500,0.92281866,2.7934203,,,,,,,,,,,,,,
179836,,,0.8680245280265808,0.7234154939651489,0.7670599818229675,1.1276352405548096,50000.0,0.6509000062942505,1.6827391386032104,10000.0,32676.89333367348,33977.54694867134,32676.89333367348,1292.6239953041077,2.2183167934417725,0.0
180000,0.87532735,2.6860414,,,,,,,,,,,,,,
180500,0.92987514,2.7970545,,,,,,,,,,,,,,
181000,0.8960711,2.7969801,,,,,,,,,,,,,,
181500,0.8895875,2.7043371,,,,,,,,,,,,,,
182000,0.95681894,2.8155622,,,,,,,,,,,,,,
182500,0.8891309,2.717888,,,,,,,,,,,,,,
182646,,,0.8690608739852905,0.7239134311676025,0.766979992389679,1.1275781393051147,50000.0,0.651900053024292,1.6822025775909424,10000.0,33186.78197026253,34505.05634212494,33186.78197026253,1310.117200613022,2.256136178970337,0.0
183000,0.9103554,2.7964869,,,,,,,,,,,,,,
183500,0.89342326,2.7484953,,,,,,,,,,,,,,
184000,0.8903315,2.6579123,,,,,,,,,,,,,,
184500,0.96971226,2.7666523,,,,,,,,,,,,,,
185000,0.89092314,2.7607002,,,,,,,,,,,,,,
185457,,,0.8656130433082581,0.7277498841285706,0.7676599621772766,1.1302763223648071,50000.0,0.650700032711029,1.6858309507369995,10000.0,33696.73606610298,35032.67329096794,33696.73606610298,1327.650182247162,2.2953546047210693,0.0
185500,0.855735,2.6926234,,,,,,,,,,,,,,
186000,0.90439993,2.7845783,,,,,,,,,,,,,,
186500,0.8583656,2.7144825,,,,,,,,,,,,,,
186666,,,0.8672871589660645,0.7182402014732361,0.7675199508666992,1.1246577501296997,50000.0,0.6503000259399414,1.683452844619751,10000.0,33915.97921395302,35269.33709192276,33915.97921395302,1344.9899072647097,2.334820508956909,0.0
186666,,,,,,,,,,,33915.97921395302,,,,,0.0
