global_step,grad_norm,loss,train/accuracy,train/loss,train/bleu,validation/accuracy,validation/loss,validation/bleu,validation/num_examples,test/accuracy,test/loss,test/bleu,test/num_examples,score,total_duration,accumulated_submission_time,accumulated_eval_time,accumulated_logging_time,preemption_count
0,4.891828,11.333498,,,,,,,,,,,,,,,,,
1,,,0.0006544577772729,11.358758926391602,5.226550070522235e-11,0.0004835649742744,11.346352577209473,0.0,3000.0,0.0007088489946909,11.35776138305664,5.348545640066251e-10,3003.0,40.46516227722168,940.335393190384,40.46516227722168,899.8701910972595,0.0,0.0
1,4.928853,11.34941,,,,,,,,,,,,,,,,,
2,4.9568033,11.34736,,,,,,,,,,,,,,,,,
3,4.9522023,11.348329,,,,,,,,,,,,,,,,,
4,4.851202,11.3427305,,,,,,,,,,,,,,,,,
5,4.935704,11.341319,,,,,,,,,,,,,,,,,
6,5.0598,11.338922,,,,,,,,,,,,,,,,,
7,4.937539,11.348923,,,,,,,,,,,,,,,,,
8,4.9608693,11.329136,,,,,,,,,,,,,,,,,
9,4.946765,11.321492,,,,,,,,,,,,,,,,,
10,5.00036,11.317741,,,,,,,,,,,,,,,,,
11,4.9388366,11.313532,,,,,,,,,,,,,,,,,
12,4.959665,11.326832,,,,,,,,,,,,,,,,,
13,4.933538,11.315605,,,,,,,,,,,,,,,,,
14,4.931575,11.301753,,,,,,,,,,,,,,,,,
15,4.9542704,11.2887335,,,,,,,,,,,,,,,,,
16,4.8881936,11.268339,,,,,,,,,,,,,,,,,
17,4.8573008,11.281707,,,,,,,,,,,,,,,,,
18,4.9315276,11.265698,,,,,,,,,,,,,,,,,
19,4.91608,11.2491045,,,,,,,,,,,,,,,,,
20,4.838978,11.250122,,,,,,,,,,,,,,,,,
21,4.9319625,11.228232,,,,,,,,,,,,,,,,,
22,4.814471,11.2234535,,,,,,,,,,,,,,,,,
23,4.9004736,11.224019,,,,,,,,,,,,,,,,,
24,4.8553915,11.197374,,,,,,,,,,,,,,,,,
25,4.8604465,11.190915,,,,,,,,,,,,,,,,,
26,4.8102627,11.1741495,,,,,,,,,,,,,,,,,
27,4.83432,11.17042,,,,,,,,,,,,,,,,,
28,4.724492,11.161097,,,,,,,,,,,,,,,,,
29,4.8001304,11.146551,,,,,,,,,,,,,,,,,
30,4.8001246,11.124099,,,,,,,,,,,,,,,,,
31,4.767819,11.104073,,,,,,,,,,,,,,,,,
32,4.8009233,11.088464,,,,,,,,,,,,,,,,,
33,4.7400646,11.077943,,,,,,,,,,,,,,,,,
34,4.673196,11.056445,,,,,,,,,,,,,,,,,
35,4.660493,11.046881,,,,,,,,,,,,,,,,,
36,4.658014,11.023341,,,,,,,,,,,,,,,,,
37,4.599601,11.027149,,,,,,,,,,,,,,,,,
38,4.592247,11.001837,,,,,,,,,,,,,,,,,
39,4.6013694,10.980297,,,,,,,,,,,,,,,,,
40,4.586016,10.965606,,,,,,,,,,,,,,,,,
41,4.434517,10.93646,,,,,,,,,,,,,,,,,
42,4.488582,10.92206,,,,,,,,,,,,,,,,,
43,4.4836917,10.896872,,,,,,,,,,,,,,,,,
44,4.448193,10.883014,,,,,,,,,,,,,,,,,
45,4.3444953,10.84822,,,,,,,,,,,,,,,,,
46,4.243571,10.861102,,,,,,,,,,,,,,,,,
47,4.2637334,10.8020315,,,,,,,,,,,,,,,,,
48,4.16659,10.804454,,,,,,,,,,,,,,,,,
49,4.1642046,10.789913,,,,,,,,,,,,,,,,,
50,4.247449,10.756762,,,,,,,,,,,,,,,,,
51,4.1446195,10.741448,,,,,,,,,,,,,,,,,
52,4.047867,10.702183,,,,,,,,,,,,,,,,,
53,3.9308767,10.708313,,,,,,,,,,,,,,,,,
54,3.9335153,10.683755,,,,,,,,,,,,,,,,,
55,3.8693328,10.67007,,,,,,,,,,,,,,,,,
56,3.875615,10.620833,,,,,,,,,,,,,,,,,
57,3.7560468,10.621613,,,,,,,,,,,,,,,,,
58,3.7659872,10.582074,,,,,,,,,,,,,,,,,
59,3.657393,10.566437,,,,,,,,,,,,,,,,,
60,3.61586,10.550177,,,,,,,,,,,,,,,,,
61,3.6208146,10.518014,,,,,,,,,,,,,,,,,
62,3.537635,10.49148,,,,,,,,,,,,,,,,,
63,3.4885006,10.4779415,,,,,,,,,,,,,,,,,
64,3.4404006,10.44771,,,,,,,,,,,,,,,,,
65,3.4149923,10.434617,,,,,,,,,,,,,,,,,
66,3.34197,10.415789,,,,,,,,,,,,,,,,,
67,3.3193164,10.378749,,,,,,,,,,,,,,,,,
68,3.2712996,10.354729,,,,,,,,,,,,,,,,,
69,3.2138402,10.332632,,,,,,,,,,,,,,,,,
70,3.1604404,10.322366,,,,,,,,,,,,,,,,,
71,3.0904217,10.293694,,,,,,,,,,,,,,,,,
72,3.0693078,10.269302,,,,,,,,,,,,,,,,,
73,3.0460854,10.247277,,,,,,,,,,,,,,,,,
74,3.0002308,10.212929,,,,,,,,,,,,,,,,,
75,2.9252977,10.194173,,,,,,,,,,,,,,,,,
76,2.901737,10.166896,,,,,,,,,,,,,,,,,
77,2.8691142,10.156018,,,,,,,,,,,,,,,,,
78,2.7776084,10.15406,,,,,,,,,,,,,,,,,
79,2.7198782,10.121977,,,,,,,,,,,,,,,,,
80,2.715446,10.070885,,,,,,,,,,,,,,,,,
81,2.68178,10.066719,,,,,,,,,,,,,,,,,
82,2.6293905,10.036456,,,,,,,,,,,,,,,,,
83,2.5653093,10.0278425,,,,,,,,,,,,,,,,,
84,2.5007012,10.015625,,,,,,,,,,,,,,,,,
85,2.496293,9.968264,,,,,,,,,,,,,,,,,
86,2.4398766,9.958874,,,,,,,,,,,,,,,,,
87,2.4185715,9.941147,,,,,,,,,,,,,,,,,
88,2.3907754,9.897235,,,,,,,,,,,,,,,,,
89,2.33518,9.886873,,,,,,,,,,,,,,,,,
90,2.2545304,9.888429,,,,,,,,,,,,,,,,,
91,2.243775,9.853008,,,,,,,,,,,,,,,,,
92,2.1995199,9.814516,,,,,,,,,,,,,,,,,
93,2.1372497,9.813845,,,,,,,,,,,,,,,,,
94,2.1371372,9.786354,,,,,,,,,,,,,,,,,
95,2.1123142,9.764136,,,,,,,,,,,,,,,,,
96,2.0389588,9.75752,,,,,,,,,,,,,,,,,
97,1.9952301,9.725933,,,,,,,,,,,,,,,,,
98,1.9460717,9.709467,,,,,,,,,,,,,,,,,
99,1.923295,9.7041025,,,,,,,,,,,,,,,,,
100,1.8872144,9.675519,,,,,,,,,,,,,,,,,
500,0.45642325,7.798637,,,,,,,,,,,,,,,,,
1000,0.41461915,7.108961,,,,,,,,,,,,,,,,,
1500,0.47362152,6.554515,,,,,,,,,,,,,,,,,
2000,0.42026255,6.1055317,,,,,,,,,,,,,,,,,
2130,,,0.2709395587444305,5.799288272857666,4.126816278480495,0.253896415233612,6.011801242828369,2.116802980749451,3000.0,0.2344430983066558,6.295222759246826,1.4699774535962755,3003.0,880.7291378974915,2627.456573486328,880.7291378974915,1746.6372668743134,0.0270211696624755,0.0
2500,0.44855684,5.563992,,,,,,,,,,,,,,,,,
3000,0.45834708,5.2567167,,,,,,,,,,,,,,,,,
3500,0.43923333,4.892746,,,,,,,,,,,,,,,,,
4000,0.47404677,4.696597,,,,,,,,,,,,,,,,,
4262,,,0.3757393658161163,4.322761535644531,10.870818743029048,0.3526924550533294,4.538534641265869,6.342824093268732,3000.0,0.3332636058330536,4.799701690673828,4.822614706678366,3003.0,1720.8505008220673,4295.177495479584,1720.8505008220673,2574.149696111679,0.0551455020904541,0.0
4500,0.56665695,4.335623,,,,,,,,,,,,,,,,,
5000,0.67251223,4.076854,,,,,,,,,,,,,,,,,
5500,0.6890478,3.8519862,,,,,,,,,,,,,,,,,
6000,0.5611666,3.5927522,,,,,,,,,,,,,,,,,
6393,,,0.4912654459476471,3.2222611904144287,19.697797928721243,0.4758775532245636,3.3509387969970703,14.410022052107662,3000.0,0.4688978195190429,3.47405743598938,12.481687483932063,3003.0,2561.0418226718903,5636.012998342514,2561.0418226718903,3074.709135293961,0.0785291194915771,0.0
6500,0.5206889,3.4094207,,,,,,,,,,,,,,,,,
7000,0.5125344,3.3450038,,,,,,,,,,,,,,,,,
7500,0.50498116,3.0355678,,,,,,,,,,,,,,,,,
8000,0.50476277,3.074597,,,,,,,,,,,,,,,,,
8500,0.46742937,2.867459,,,,,,,,,,,,,,,,,
8523,,,0.5403037667274475,2.743696689605713,24.39810064838144,0.5407124757766724,2.7186522483825684,19.91883313495568,3000.0,0.5433734655380249,2.743574380874634,18.425026303901944,3003.0,3401.093802928925,6952.270023345947,3401.093802928925,3550.829785823822,0.1024539470672607,0.0
9000,0.47307417,2.7988114,,,,,,,,,,,,,,,,,
9500,0.4538578,2.7682216,,,,,,,,,,,,,,,,,
10000,0.45793375,2.609727,,,,,,,,,,,,,,,,,
10500,0.44566214,2.6394174,,,,,,,,,,,,,,,,,
10652,,,0.5709224939346313,2.460854768753052,26.78267087982707,0.5760746598243713,2.3768019676208496,22.404282535661743,3000.0,0.577189028263092,2.379578828811645,20.701841781692146,3003.0,4241.050063848496,8245.589230537415,4241.050063848496,4004.104261159897,0.1272284984588623,0.0
11000,0.45432222,2.6009638,,,,,,,,,,,,,,,,,
11500,0.4137777,2.4983532,,,,,,,,,,,,,,,,,
12000,0.4201702,2.4477003,,,,,,,,,,,,,,,,,
12500,0.42336914,2.403364,,,,,,,,,,,,,,,,,
12781,,,0.6009242534637451,2.167930841445923,28.771511285120063,0.5995337963104248,2.179979085922241,23.8841132813885,3000.0,0.6030445694923401,2.157670497894287,22.521304631100403,3003.0,5081.135403871536,9573.15140914917,5081.135403871536,4491.494679689407,0.1515347957611084,0.0
13000,0.39528304,2.2570448,,,,,,,,,,,,,,,,,
13500,0.38166943,2.4049876,,,,,,,,,,,,,,,,,
14000,0.38232765,2.329507,,,,,,,,,,,,,,,,,
14500,0.3849588,2.3806903,,,,,,,,,,,,,,,,,
14910,,,0.6043392419815063,2.13118577003479,28.635248460338257,0.6131603717803955,2.0572800636291504,25.15479952688112,3000.0,0.6177677512168884,2.023928165435791,23.771131765689905,3003.0,5921.088765621185,10880.465248346329,5921.088765621185,4958.763414859772,0.1803798675537109,0.0
15000,0.37677592,2.1618288,,,,,,,,,,,,,,,,,
15500,0.37496462,2.220957,,,,,,,,,,,,,,,,,
16000,0.38737372,2.2308862,,,,,,,,,,,,,,,,,
16500,0.37390086,2.2168024,,,,,,,,,,,,,,,,,
17000,0.36747175,2.2778792,,,,,,,,,,,,,,,,,
17039,,,0.6120966672897339,2.068455219268799,29.216168855040227,0.6225464940071106,1.9765042066574097,25.518672138926608,3000.0,0.6296903491020203,1.925389289855957,24.46375908318585,3003.0,6761.183487892151,12149.19287109375,6761.183487892151,5387.312738418579,0.2062048912048339,0.0
17500,0.36947727,2.216339,,,,,,,,,,,,,,,,,
18000,0.3600142,2.1834006,,,,,,,,,,,,,,,,,
18500,0.37040165,2.1369421,,,,,,,,,,,,,,,,,
19000,0.37626457,2.0708296,,,,,,,,,,,,,,,,,
19167,,,0.6214902400970459,1.972712516784668,30.248103803089386,0.6296387910842896,1.9145017862319944,26.026892612448364,3000.0,0.6362559199333191,1.864668846130371,24.60783481856993,3003.0,7601.048940181732,13432.111891508102,7601.048940181732,5830.208584308624,0.3035342693328857,0.0
19500,0.36189795,2.084539,,,,,,,,,,,,,,,,,
20000,0.35817334,2.1860633,,,,,,,,,,,,,,,,,
20500,0.3428621,2.0040529,,,,,,,,,,,,,,,,,
21000,0.33698285,2.0765169,,,,,,,,,,,,,,,,,
21296,,,0.6231822967529297,1.967400074005127,30.22888892093484,0.6353424191474915,1.863579273223877,26.3922386924512,3000.0,0.6427633762359619,1.8073633909225464,25.81994482388432,3003.0,8441.285067796707,14752.149206638336,8441.285067796707,6309.925147533417,0.3277487754821777,0.0
21500,0.33925015,2.065348,,,,,,,,,,,,,,,,,
22000,0.346252,2.0957477,,,,,,,,,,,,,,,,,
22500,0.34160075,2.0387807,,,,,,,,,,,,,,,,,
23000,0.35135886,2.086744,,,,,,,,,,,,,,,,,
23424,,,0.6224754452705383,1.9595882892608645,30.77939013267566,0.6388761401176453,1.8288156986236568,26.847944393006056,3000.0,0.6475858688354492,1.766526699066162,25.69395274058484,3003.0,9281.366070508957,16035.564885139464,9281.366070508957,6753.168920993805,0.3561251163482666,0.0
23500,0.3391473,1.9754645,,,,,,,,,,,,,,,,,
24000,0.3394596,2.0102856,,,,,,,,,,,,,,,,,
24500,0.34160557,2.0442057,,,,,,,,,,,,,,,,,
25000,0.34876233,2.0139477,,,,,,,,,,,,,,,,,
25500,0.33790043,2.000794,,,,,,,,,,,,,,,,,
25550,,,0.6397817730903625,1.8352636098861688,31.42415285207092,0.6423974633216858,1.796883463859558,26.89483334585508,3000.0,0.6520829796791077,1.7320581674575806,26.013254802832883,3003.0,10121.52901339531,17337.24902200699,10121.52901339531,7214.59633231163,0.3826649188995361,0.0
26000,0.33695856,2.0017867,,,,,,,,,,,,,,,,,
26500,0.32906523,1.9552,,,,,,,,,,,,,,,,,
27000,0.33366272,1.9981732,,,,,,,,,,,,,,,,,
27500,0.35198772,2.0594387,,,,,,,,,,,,,,,,,
27679,,,0.6318906545639038,1.885514736175537,31.369597983481885,0.6466875672340393,1.7673922777175903,27.38267513672947,3000.0,0.6565917134284973,1.7026907205581665,26.53402928627849,3003.0,10961.76893544197,18623.70704221725,10961.76893544197,7660.725780248642,0.4088447093963623,0.0
28000,0.33906826,1.9926388,,,,,,,,,,,,,,,,,
28500,0.34029835,1.9426086,,,,,,,,,,,,,,,,,
29000,0.33610883,1.9628822,,,,,,,,,,,,,,,,,
29500,0.3228657,1.8879609,,,,,,,,,,,,,,,,,
29807,,,0.6316201090812683,1.873425960540772,30.95687173447356,0.6486714482307434,1.7478152513504028,27.44764531779654,3000.0,0.6579513549804688,1.683772087097168,26.680195484452824,3003.0,11801.76305937767,19924.670253753666,11801.76305937767,8121.601450204849,0.4380755424499511,0.0
30000,0.32560128,1.9996065,,,,,,,,,,,,,,,,,
30500,0.33762357,1.9514381,,,,,,,,,,,,,,,,,
31000,0.32368162,1.9266177,,,,,,,,,,,,,,,,,
31500,0.3275068,1.9870907,,,,,,,,,,,,,,,,,
31936,,,0.6406065225601196,1.814473271369934,31.776392800461743,0.6511388421058655,1.7287027835845947,27.869752885143885,3000.0,0.6602870225906372,1.662176489830017,27.129149538184063,3003.0,12641.800742864609,21230.5017092228,12641.800742864609,8587.306821346283,0.465712308883667,0.0
32000,0.33489487,1.9210502,,,,,,,,,,,,,,,,,
32500,0.3245268,1.9209076,,,,,,,,,,,,,,,,,
33000,0.32616407,1.9391483,,,,,,,,,,,,,,,,,
33500,0.3370784,1.9399078,,,,,,,,,,,,,,,,,
34000,0.32713887,1.8515909,,,,,,,,,,,,,,,,,
34065,,,0.640739381313324,1.8135218620300293,31.720892098633595,0.6525523662567139,1.7109779119491575,27.501888843338417,3000.0,0.6620417237281799,1.6420912742614746,26.674599913045167,3003.0,13482.01640677452,22509.849905252457,13482.01640677452,9026.352849721909,0.4914932250976562,0.0
34500,0.3286708,2.0083263,,,,,,,,,,,,,,,,,
35000,0.32683632,1.8914968,,,,,,,,,,,,,,,,,
35500,0.33435026,1.9467338,,,,,,,,,,,,,,,,,
36000,0.32210222,1.8090568,,,,,,,,,,,,,,,,,
36194,,,0.6364485025405884,1.841962933540344,31.52689086142212,0.6544741988182068,1.6928914785385132,27.82994853418911,3000.0,0.6642612218856812,1.6232562065124512,26.890337681174856,3003.0,14322.055265665054,23832.97128868103,14322.055265665054,9509.346721887589,0.5204513072967529,0.0
36500,0.33432072,1.9313011,,,,,,,,,,,,,,,,,
37000,0.3350442,1.923224,,,,,,,,,,,,,,,,,
37500,0.32539305,1.8536303,,,,,,,,,,,,,,,,,
38000,0.32759324,1.9154407,,,,,,,,,,,,,,,,,
38323,,,0.6442604660987854,1.7844679355621338,32.06364610850336,0.6566564440727234,1.6798200607299805,27.93414196969954,3000.0,0.667910099029541,1.6096643209457395,27.240041752404643,3003.0,15161.977427244186,25159.10061264038,15161.977427244186,9995.469063997269,0.5457136631011963,0.0
38500,0.33988047,1.9081126,,,,,,,,,,,,,,,,,
39000,0.33726493,1.9018061,,,,,,,,,,,,,,,,,
39500,0.32653925,1.8750031,,,,,,,,,,,,,,,,,
40000,0.33187327,1.9024118,,,,,,,,,,,,,,,,,
40451,,,0.6461368799209595,1.7737420797348022,31.586409143337253,0.6585162878036499,1.6680903434753418,27.95472627491304,3000.0,0.6679449081420898,1.5970640182495115,27.34817933096726,3003.0,16002.063148498535,26457.735300302505,16002.063148498535,10453.933075904846,0.5711174011230469,0.0
40500,0.333158,1.8576919,,,,,,,,,,,,,,,,,
41000,0.32933152,1.8706663,,,,,,,,,,,,,,,,,
41500,0.33748624,1.8455482,,,,,,,,,,,,,,,,,
42000,0.32678002,1.8573592,,,,,,,,,,,,,,,,,
42500,0.32709637,1.9000642,,,,,,,,,,,,,,,,,
42578,,,0.6419093608856201,1.7889466285705566,31.450693100668254,0.6579955816268921,1.6585248708724976,28.07055937179989,3000.0,0.6679217219352722,1.5884218215942385,27.306791955348064,3003.0,16842.15467786789,27736.314566135406,16842.15467786789,10892.33322238922,0.596534252166748,0.0
43000,0.3385811,1.8184407,,,,,,,,,,,,,,,,,
43500,0.3208869,1.8353692,,,,,,,,,,,,,,,,,
44000,0.33189094,1.8751376,,,,,,,,,,,,,,,,,
44500,0.3226108,1.8493485,,,,,,,,,,,,,,,,,
44706,,,0.6493119597434998,1.73316752910614,32.19224109122431,0.6602026224136353,1.6442763805389404,28.252124841591023,3000.0,0.6715589165687561,1.57472562789917,27.47007836747885,3003.0,17682.33544230461,29032.2545440197,17682.33544230461,11348.004050970078,0.6215384006500244,0.0
45000,0.33029443,1.8555365,,,,,,,,,,,,,,,,,
45500,0.34369564,1.9308422,,,,,,,,,,,,,,,,,
46000,0.34351483,1.8523711,,,,,,,,,,,,,,,,,
46500,0.33764625,1.951094,,,,,,,,,,,,,,,,,
46833,,,0.6459473967552185,1.7606253623962402,31.742556163953207,0.6623228192329407,1.635831356048584,28.549222616070168,3000.0,0.6732903718948364,1.5621764659881592,27.84722431998512,3003.0,18522.51437306404,30293.487340688705,18522.51437306404,11768.968646764755,0.647925853729248,0.0
47000,0.3385142,1.7743927,,,,,,,,,,,,,,,,,
47500,0.32925686,1.776575,,,,,,,,,,,,,,,,,
48000,0.33116385,1.7807271,,,,,,,,,,,,,,,,,
48500,0.32207885,1.7844355,,,,,,,,,,,,,,,,,
48960,,,0.6494240164756775,1.741469144821167,31.711329570898744,0.6627815961837769,1.6288464069366455,28.454221701958485,3000.0,0.6730579733848572,1.554472804069519,27.65920033246138,3003.0,19362.75937628746,31596.10943102837,19362.75937628746,12231.260348558426,0.6742384433746338,0.0
49000,0.3318726,1.8745193,,,,,,,,,,,,,,,,,
49500,0.32635626,1.774282,,,,,,,,,,,,,,,,,
50000,0.3343365,1.8621429,,,,,,,,,,,,,,,,,
50500,0.33746538,1.773577,,,,,,,,,,,,,,,,,
51000,0.33797395,1.8199439,,,,,,,,,,,,,,,,,
51088,,,0.6541247963905334,1.7044013738632202,32.51463890372634,0.6647034883499146,1.6190812587738037,28.541555850264626,3000.0,0.6759979128837585,1.5459054708480835,27.81582596906202,3003.0,20203.01286697388,32867.4601187706,20203.01286697388,12662.270419836044,0.6999831199645996,0.0
51500,0.338298,1.8058865,,,,,,,,,,,,,,,,,
52000,0.33650768,1.686787,,,,,,,,,,,,,,,,,
52500,0.33544883,1.7520531,,,,,,,,,,,,,,,,,
53000,0.34822142,1.8645474,,,,,,,,,,,,,,,,,
53215,,,0.6503514647483826,1.7199337482452393,32.20614601646499,0.6664889454841614,1.605893850326538,28.80111518885052,3000.0,0.6767997145652771,1.5347919464111328,28.06482129290245,3003.0,21043.05319499969,34141.61603355408,21043.05319499969,13096.298949480057,0.7257065773010254,0.0
53500,0.34122083,1.9090595,,,,,,,,,,,,,,,,,
54000,0.33459982,1.7636313,,,,,,,,,,,,,,,,,
54500,0.33752307,1.7642375,,,,,,,,,,,,,,,,,
55000,0.32943493,1.8168367,,,,,,,,,,,,,,,,,
55343,,,0.6536936163902283,1.7110180854797363,32.08206514099033,0.6651126146316528,1.605336308479309,28.597463512538503,3000.0,0.6763349175453186,1.529584884643555,27.94065320305915,3003.0,21883.17886543274,35442.09198188782,21883.17886543274,13556.563753604887,0.7513151168823242,0.0
55500,0.3365154,1.7350644,,,,,,,,,,,,,,,,,
56000,0.33553404,1.7282568,,,,,,,,,,,,,,,,,
56500,0.34108552,1.7481068,,,,,,,,,,,,,,,,,
57000,0.34032592,1.74839,,,,,,,,,,,,,,,,,
57470,,,0.6590781807899475,1.677270531654358,32.61833773293062,0.6678776144981384,1.5970656871795654,29.095836433525825,3000.0,0.6785776615142822,1.5185816287994385,28.22648016703368,3003.0,22723.339594364166,36753.524359464645,22723.339594364166,14027.745198726654,0.7782564163208008,0.0
57500,0.34326306,1.8172914,,,,,,,,,,,,,,,,,
58000,0.34122097,1.7228755,,,,,,,,,,,,,,,,,
58500,0.34050414,1.7590623,,,,,,,,,,,,,,,,,
59000,0.3473344,1.7838569,,,,,,,,,,,,,,,,,
59500,0.35052848,1.7915903,,,,,,,,,,,,,,,,,
59597,,,0.6529233455657959,1.7106753587722778,32.56478568134917,0.6675800681114197,1.587377429008484,29.03362858652503,3000.0,0.6792516708374023,1.5106875896453855,28.12254588508036,3003.0,23563.399985313416,38036.61562204361,23563.399985313416,14470.68394255638,0.8043756484985352,0.0
60000,0.35351545,1.7685688,,,,,,,,,,,,,,,,,
60500,0.3442269,1.7953948,,,,,,,,,,,,,,,,,
61000,0.34191123,1.7684919,,,,,,,,,,,,,,,,,
61500,0.34757617,1.8078986,,,,,,,,,,,,,,,,,
61725,,,0.6515601277351379,1.7172927856445312,32.24904633656718,0.6682124137878418,1.5838459730148315,29.214943493682032,3000.0,0.6800883412361145,1.5061928033828735,28.28543560813276,3003.0,24403.476749181747,39342.61774158478,24403.476749181747,14936.520565748217,0.8307778835296631,0.0
62000,0.3409041,1.7490116,,,,,,,,,,,,,,,,,
62500,0.3432629,1.7286781,,,,,,,,,,,,,,,,,
63000,0.3554711,1.806432,,,,,,,,,,,,,,,,,
63500,0.34738904,1.7735308,,,,,,,,,,,,,,,,,
63853,,,0.6600537300109863,1.669567584991455,32.36535878181648,0.6685224175453186,1.5804531574249268,29.0512194690786,3000.0,0.6814014315605164,1.5003212690353394,28.46243019918655,3003.0,25243.47717642784,40665.70834302902,25243.47717642784,15419.51645708084,0.8640763759613037,0.0
64000,0.34702975,1.8070707,,,,,,,,,,,,,,,,,
64500,0.35223854,1.8468423,,,,,,,,,,,,,,,,,
65000,0.3620254,1.802531,,,,,,,,,,,,,,,,,
65500,0.35810795,1.7814808,,,,,,,,,,,,,,,,,
65981,,,0.6564612984657288,1.6870346069335938,32.40155219027495,0.6705682277679443,1.5727699995040894,29.21382812854247,3000.0,0.6818662881851196,1.4934130907058716,28.41844616043585,3003.0,26083.749479055405,41964.88067674637,26083.749479055405,15878.32996082306,0.8912930488586426,0.0
66000,0.35557163,1.7827567,,,,,,,,,,,,,,,,,
66500,0.39338762,1.8246155,,,,,,,,,,,,,,,,,
67000,0.35556862,1.722918,,,,,,,,,,,,,,,,,
67500,0.3421711,1.6865973,,,,,,,,,,,,,,,,,
68000,0.36298704,1.6888034,,,,,,,,,,,,,,,,,
68110,,,0.6591756343841553,1.6740998029708862,33.13587460529193,0.670741856098175,1.5643101930618286,29.0455435321754,3000.0,0.6835512518882751,1.4830164909362793,28.349632841069347,3003.0,26924.032155513763,43286.51839852333,26924.032155513763,16359.599029064178,0.9174084663391112,0.0
68500,0.35819235,1.7188334,,,,,,,,,,,,,,,,,
69000,0.3639313,1.7337203,,,,,,,,,,,,,,,,,
69500,0.35311106,1.6888616,,,,,,,,,,,,,,,,,
70000,0.34655124,1.6696564,,,,,,,,,,,,,,,,,
70238,,,0.6604442000389099,1.6657711267471311,32.65748161790169,0.6725025177001953,1.5626001358032229,29.17193255350609,3000.0,0.6855034828186035,1.4803154468536377,28.66127396683165,3003.0,27764.273996829987,44576.85558485985,27764.273996829987,16809.602218151093,0.9473400115966796,0.0
70500,0.36752057,1.7094156,,,,,,,,,,,,,,,,,
71000,0.3630692,1.720556,,,,,,,,,,,,,,,,,
71500,0.36058098,1.7204297,,,,,,,,,,,,,,,,,
72000,0.36692923,1.7493889,,,,,,,,,,,,,,,,,
72365,,,0.6582271456718445,1.6727216243743896,32.4629981081095,0.6732092499732971,1.5576822757720947,29.288366297309235,3000.0,0.6850502490997314,1.4750444889068604,28.69783471709986,3003.0,28604.286732912064,45882.10397315025,28604.286732912064,17274.74968957901,0.9748327732086182,0.0
72500,0.3706397,1.6941049,,,,,,,,,,,,,,,,,
73000,0.35575852,1.695598,,,,,,,,,,,,,,,,,
73500,0.35917646,1.637294,,,,,,,,,,,,,,,,,
74000,0.36198732,1.6874145,,,,,,,,,,,,,,,,,
74491,,,0.6647081971168518,1.6393332481384275,33.07062489449608,0.673568844795227,1.5542222261428833,29.364483972398364,3000.0,0.6867004036903381,1.4691143035888672,28.94994718739824,3003.0,29444.21555256844,47185.95525050163,29444.21555256844,17738.5762860775,1.00701904296875,0.0
74500,0.36182314,1.7529333,,,,,,,,,,,,,,,,,
75000,0.36606044,1.6682905,,,,,,,,,,,,,,,,,
75500,0.37199837,1.7160248,,,,,,,,,,,,,,,,,
76000,0.3715174,1.7391382,,,,,,,,,,,,,,,,,
76500,0.37173173,1.7423388,,,,,,,,,,,,,,,,,
76617,,,0.6620994210243225,1.6539947986602783,33.31954625742964,0.6737052202224731,1.5505098104476929,29.241776418280704,3000.0,0.6865260601043701,1.4673891067504885,28.681083122730616,3003.0,30284.14289712906,48494.68763375282,30284.14289712906,18207.290071249008,1.0347270965576172,0.0
77000,0.3730424,1.705724,,,,,,,,,,,,,,,,,
77500,0.37479824,1.7243043,,,,,,,,,,,,,,,,,
78000,0.38070872,1.8031871,,,,,,,,,,,,,,,,,
78500,0.37492412,1.7071656,,,,,,,,,,,,,,,,,
78743,,,0.6623937487602234,1.6457419395446775,33.11086571288778,0.6740400195121765,1.549138426780701,29.40327698765743,3000.0,0.6872814297676086,1.462404489517212,28.759189457182835,3003.0,31124.188576698303,49784.72490167618,31124.188576698303,18657.18817090988,1.067159652709961,0.0
79000,0.37043595,1.7126343,,,,,,,,,,,,,,,,,
79500,0.3735623,1.70219,,,,,,,,,,,,,,,,,
80000,0.3838403,1.7154913,,,,,,,,,,,,,,,,,
80500,0.38113466,1.742734,,,,,,,,,,,,,,,,,
80870,,,0.6644508242607117,1.6332341432571411,32.893763265093995,0.6743375658988953,1.5437225103378296,29.453807960036432,3000.0,0.6885480284690857,1.4589591026306152,28.845884887866404,3003.0,31964.48255324364,51101.87626194954,31964.48255324364,19133.958903074265,1.094712257385254,0.0
81000,0.37559214,1.7086085,,,,,,,,,,,,,,,,,
81500,0.3602821,1.6395605,,,,,,,,,,,,,,,,,
82000,0.36767828,1.6741261,,,,,,,,,,,,,,,,,
82500,0.38623485,1.7657208,,,,,,,,,,,,,,,,,
82998,,,0.6658928990364075,1.624880075454712,33.05402801387831,0.6750319004058838,1.5423458814620972,29.53866290463432,3000.0,0.6881529688835144,1.4548407793045044,28.88392282238584,3003.0,32804.644961595535,52398.10178756714,32804.644961595535,19589.93427681923,1.1223857402801514,0.0
83000,0.38209614,1.7128148,,,,,,,,,,,,,,,,,
83500,0.38183433,1.7221158,,,,,,,,,,,,,,,,,
84000,0.3691783,1.6347175,,,,,,,,,,,,,,,,,
84500,0.38994595,1.755859,,,,,,,,,,,,,,,,,
85000,0.37268025,1.7118579,,,,,,,,,,,,,,,,,
85125,,,0.6661605834960938,1.6293845176696775,33.031410263553745,0.6757510900497437,1.5391515493392944,29.399125439669973,3000.0,0.6895125508308411,1.4517813920974731,29.014955500067032,3003.0,33644.85697507858,53699.03018069267,33644.85697507858,20050.562247276303,1.1508526802062988,0.0
85500,0.37780222,1.6694955,,,,,,,,,,,,,,,,,
86000,0.37862197,1.7473285,,,,,,,,,,,,,,,,,
86500,0.37637264,1.7277404,,,,,,,,,,,,,,,,,
87000,0.3817527,1.7015641,,,,,,,,,,,,,,,,,
87252,,,0.6625667214393616,1.6439590454101562,33.311455593985066,0.674821138381958,1.539188265800476,29.55347587368749,3000.0,0.6889199018478394,1.4510725736618042,28.87610983946514,3003.0,34484.774285793304,55001.38262057304,34484.774285793304,20512.910196065903,1.1787753105163574,0.0
87500,0.36659136,1.5854188,,,,,,,,,,,,,,,,,
88000,0.3772886,1.6479511,,,,,,,,,,,,,,,,,
88500,0.37761316,1.6693563,,,,,,,,,,,,,,,,,
89000,0.37531823,1.6489071,,,,,,,,,,,,,,,,,
89378,,,0.6678431630134583,1.6093648672103882,33.74220844567571,0.67549067735672,1.5368748903274536,29.51822554754633,3000.0,0.6893033981323242,1.4499191045761108,28.961180953632965,3003.0,35325.074748039246,56299.808768987656,35325.074748039246,20970.944540262222,1.205488204956055,0.0
89500,0.3729165,1.6479679,,,,,,,,,,,,,,,,,
90000,0.37766725,1.7221066,,,,,,,,,,,,,,,,,
90500,0.38043562,1.6296748,,,,,,,,,,,,,,,,,
91000,0.3775661,1.6529511,,,,,,,,,,,,,,,,,
91500,0.38023773,1.6605529,,,,,,,,,,,,,,,,,
91505,,,0.6692007184028625,1.606384515762329,33.270068291106114,0.6759494543075562,1.535022854804993,29.44206848437146,3000.0,0.6895822882652283,1.4467785358428955,28.96231016820202,3003.0,36165.30554056168,57615.41436624527,36165.30554056168,21446.22813630104,1.2337958812713623,0.0
92000,0.38118765,1.7404093,,,,,,,,,,,,,,,,,
92500,0.37368503,1.7143325,,,,,,,,,,,,,,,,,
93000,0.39474314,1.7532974,,,,,,,,,,,,,,,,,
93500,0.3787881,1.709006,,,,,,,,,,,,,,,,,
93631,,,0.6643207669258118,1.6307904720306396,33.39272267403271,0.675899863243103,1.534496784210205,29.56968980494684,3000.0,0.6896984577178955,1.4462283849716189,28.92526570522043,3003.0,37005.33549666405,58924.71753025055,37005.33549666405,21915.41002321244,1.2617874145507812,0.0
94000,0.37475598,1.6286402,,,,,,,,,,,,,,,,,
94500,0.38981226,1.7319422,,,,,,,,,,,,,,,,,
95000,0.38699323,1.6610421,,,,,,,,,,,,,,,,,
95500,0.37148026,1.7065004,,,,,,,,,,,,,,,,,
95757,,,0.6658026576042175,1.6256057024002075,33.14538555477715,0.6764454245567322,1.5338702201843262,29.651743492832765,3000.0,0.6897565722465515,1.446224331855774,28.982792991548266,3003.0,37845.279463768005,60220.59329605103,37845.279463768005,22371.251089334488,1.2910687923431396,0.0
96000,0.36719516,1.6089115,,,,,,,,,,,,,,,,,
96500,0.3807025,1.6915972,,,,,,,,,,,,,,,,,
97000,0.39301932,1.7522616,,,,,,,,,,,,,,,,,
97500,0.39080113,1.6978031,,,,,,,,,,,,,,,,,
97884,,,0.6647250056266785,1.6299571990966797,33.119370066979,0.676482617855072,1.5336493253707886,29.644226766928973,3000.0,0.6896170973777771,1.4458106756210327,29.05153768728049,3003.0,38685.433634996414,61503.6741437912,38685.433634996414,22814.085819721226,1.3211243152618408,0.0
98000,0.40286502,1.723231,,,,,,,,,,,,,,,,,
98500,0.37101695,1.6262243,,,,,,,,,,,,,,,,,
99000,0.3791138,1.6896914,,,,,,,,,,,,,,,,,
99500,0.37705904,1.6187623,,,,,,,,,,,,,,,,,
100000,0.39024216,1.697301,,,,,,,,,,,,,,,,,
100011,,,0.6631566882133484,1.6354643106460571,33.22771341830227,0.6763214468955994,1.5336906909942627,29.62502468013244,3000.0,0.6896287202835083,1.4457597732543943,29.01019585406551,3003.0,39525.62224817276,62800.5922498703,39525.62224817276,23270.725203990936,1.350602388381958,0.0
100500,0.3847329,1.6610869,,,,,,,,,,,,,,,,,
101000,0.3907441,1.7175127,,,,,,,,,,,,,,,,,
101500,0.38923526,1.7411118,,,,,,,,,,,,,,,,,
102000,0.37904704,1.6904467,,,,,,,,,,,,,,,,,
102138,,,0.6662063002586365,1.6252217292785645,33.41859247781274,0.6763214468955994,1.5336906909942627,29.62502468013244,3000.0,0.6896287202835083,1.4457597732543943,29.01019585406551,3003.0,40365.80884718895,64099.30232620239,40365.80884718895,23729.15392804145,1.3860681056976318,0.0
102500,0.3800549,1.6477071,,,,,,,,,,,,,,,,,
103000,0.38661313,1.7096047,,,,,,,,,,,,,,,,,
103500,0.36897802,1.60273,,,,,,,,,,,,,,,,,
104000,0.38551295,1.6920024,,,,,,,,,,,,,,,,,
104265,,,0.6637135744094849,1.642957091331482,33.476828274495745,0.6763214468955994,1.5336906909942627,29.62502468013244,3000.0,0.6896287202835083,1.4457597732543943,29.01019585406551,3003.0,41206.000952243805,65401.66462135315,41206.000952243805,24191.22681427002,1.4201257228851318,0.0
104500,0.3898466,1.6866547,,,,,,,,,,,,,,,,,
105000,0.39143798,1.6568033,,,,,,,,,,,,,,,,,
105500,0.3801726,1.6621221,,,,,,,,,,,,,,,,,
106000,0.37658358,1.7123492,,,,,,,,,,,,,,,,,
106391,,,0.663641631603241,1.6413278579711914,33.06173071784763,0.6763214468955994,1.5336906909942627,29.62502468013244,3000.0,0.6896287202835083,1.4457597732543943,29.01019585406551,3003.0,42046.00037717819,66710.52930140495,42046.00037717819,24659.998909950256,1.4497294425964355,0.0
106500,0.37232497,1.6564754,,,,,,,,,,,,,,,,,
107000,0.3866763,1.7157453,,,,,,,,,,,,,,,,,
107500,0.38010877,1.6580899,,,,,,,,,,,,,,,,,
108000,0.40770563,1.755755,,,,,,,,,,,,,,,,,
108500,0.38087606,1.5836531,,,,,,,,,,,,,,,,,
108519,,,0.6635457277297974,1.6351522207260132,33.36698995555973,0.6763214468955994,1.5336906909942627,29.62502468013244,3000.0,0.6896287202835083,1.4457597732543943,29.01019585406551,3003.0,42886.24218392372,68015.24281430244,42886.24218392372,25124.382752656937,1.4777867794036863,0.0
109000,0.39785108,1.7792038,,,,,,,,,,,,,,,,,
109500,0.37695768,1.6300892,,,,,,,,,,,,,,,,,
110000,0.37679136,1.6874187,,,,,,,,,,,,,,,,,
110500,0.38720092,1.7549953,,,,,,,,,,,,,,,,,
110646,,,0.6649230122566223,1.6328346729278564,33.09319428318106,0.6763214468955994,1.5336906909942627,29.62502468013244,3000.0,0.6896287202835083,1.4457597732543943,29.01019585406551,3003.0,43726.40936732292,69319.29031658173,43726.40936732292,25588.17158675193,1.5061218738555908,0.0
111000,0.3841034,1.6626334,,,,,,,,,,,,,,,,,
111500,0.38382167,1.7121269,,,,,,,,,,,,,,,,,
112000,0.38030764,1.6404982,,,,,,,,,,,,,,,,,
112500,0.38726768,1.7481738,,,,,,,,,,,,,,,,,
112772,,,0.6653245687484741,1.629243016242981,33.114112733533155,0.6763214468955994,1.5336906909942627,29.62502468013244,3000.0,0.6896287202835083,1.4457597732543943,29.01019585406551,3003.0,44566.33202266693,70618.61324000359,44566.33202266693,26047.48157858849,1.535496950149536,0.0
113000,0.38603866,1.7031898,,,,,,,,,,,,,,,,,
113500,0.38500714,1.7302663,,,,,,,,,,,,,,,,,
114000,0.38742802,1.7020315,,,,,,,,,,,,,,,,,
114500,0.37318832,1.6820382,,,,,,,,,,,,,,,,,
114898,,,0.6667666435241699,1.620067834854126,33.17930205843212,0.6763214468955994,1.5336906909942627,29.62502468013244,3000.0,0.6896287202835083,1.4457597732543943,29.01019585406551,3003.0,45406.33263897896,71908.59395694733,45406.33263897896,26497.36556339264,1.564969539642334,0.0
115000,0.3743088,1.611423,,,,,,,,,,,,,,,,,
115500,0.3889154,1.756872,,,,,,,,,,,,,,,,,
116000,0.39402473,1.6637825,,,,,,,,,,,,,,,,,
116500,0.3787647,1.6574787,,,,,,,,,,,,,,,,,
117000,0.39779004,1.7107103,,,,,,,,,,,,,,,,,
117025,,,0.6684821844100952,1.6118019819259644,33.24876625146544,0.6763214468955994,1.5336906909942627,29.62502468013244,3000.0,0.6896287202835083,1.4457597732543943,29.01019585406551,3003.0,46246.48472690582,73213.87795639038,46246.48472690582,26962.40554356575,1.5938818454742432,0.0
117500,0.50245285,1.7863953,,,,,,,,,,,,,,,,,
118000,0.37368035,1.6736838,,,,,,,,,,,,,,,,,
118500,0.38276723,1.6084887,,,,,,,,,,,,,,,,,
119000,0.37685087,1.6908035,,,,,,,,,,,,,,,,,
119152,,,0.6632609963417053,1.6398509740829468,32.862805290297274,0.6763214468955994,1.5336906909942627,29.62502468013244,3000.0,0.6896287202835083,1.4457597732543943,29.01019585406551,3003.0,47086.6354162693,74510.4020717144,47086.6354162693,27418.68799138069,1.623422145843506,0.0
119500,0.37901276,1.7012802,,,,,,,,,,,,,,,,,
120000,0.38411555,1.7036978,,,,,,,,,,,,,,,,,
120500,0.39010733,1.7315688,,,,,,,,,,,,,,,,,
121000,0.39296317,1.7672331,,,,,,,,,,,,,,,,,
121280,,,0.6646860837936401,1.6378016471862793,33.552819755735264,0.6763214468955994,1.5336906909942627,29.62502468013244,3000.0,0.6896287202835083,1.4457597732543943,29.01019585406551,3003.0,47926.85423922539,75801.82671022415,47926.85423922539,27869.80495786667,1.6523303985595703,0.0
121500,0.38298637,1.7082819,,,,,,,,,,,,,,,,,
121850,,,,,,,,,,,,,,48151.39080834389,,,,,0.0
