global_step,grad_norm,loss,train/accuracy,train/loss,train/mean_average_precision,validation/accuracy,validation/loss,validation/mean_average_precision,validation/num_examples,test/accuracy,test/loss,test/mean_average_precision,test/num_examples,score,total_duration,accumulated_submission_time,accumulated_eval_time,accumulated_logging_time,preemption_count
0,1.5858082,0.744599,,,,,,,,,,,,,,,,,
1,,,0.4816736280918121,0.7414783835411072,0.0223506427073637,0.4935591220855713,0.734703004360199,0.0260793433526594,43793.0,0.4959306120872497,0.7337996363639832,0.0279783406591189,43793.0,18.38358187675476,311.3073809146881,18.38358187675476,292.9237585067749,0.0,0.0
1,1.5930555,0.74397737,,,,,,,,,,,,,,,,,
2,1.5796492,0.7421715,,,,,,,,,,,,,,,,,
3,1.5546896,0.74165666,,,,,,,,,,,,,,,,,
4,1.579384,0.7417573,,,,,,,,,,,,,,,,,
5,1.5644224,0.7371025,,,,,,,,,,,,,,,,,
6,1.5562651,0.7342454,,,,,,,,,,,,,,,,,
7,1.5455383,0.7330976,,,,,,,,,,,,,,,,,
8,1.5176216,0.72973347,,,,,,,,,,,,,,,,,
9,1.4973841,0.7271837,,,,,,,,,,,,,,,,,
10,1.4527948,0.7199042,,,,,,,,,,,,,,,,,
11,1.4634675,0.7172283,,,,,,,,,,,,,,,,,
12,1.4054881,0.7120018,,,,,,,,,,,,,,,,,
13,1.3926342,0.70498514,,,,,,,,,,,,,,,,,
14,1.3496374,0.7006832,,,,,,,,,,,,,,,,,
15,1.3480618,0.6967061,,,,,,,,,,,,,,,,,
16,1.3047669,0.69009185,,,,,,,,,,,,,,,,,
17,1.2615324,0.6846425,,,,,,,,,,,,,,,,,
18,1.1958135,0.6785288,,,,,,,,,,,,,,,,,
19,1.1570987,0.67181015,,,,,,,,,,,,,,,,,
20,1.1260781,0.66737634,,,,,,,,,,,,,,,,,
21,1.0830379,0.66287446,,,,,,,,,,,,,,,,,
22,1.027886,0.65627515,,,,,,,,,,,,,,,,,
23,0.9954558,0.6504624,,,,,,,,,,,,,,,,,
24,0.95768785,0.6444015,,,,,,,,,,,,,,,,,
25,0.93031025,0.6388584,,,,,,,,,,,,,,,,,
26,0.89910245,0.6341944,,,,,,,,,,,,,,,,,
27,0.87173253,0.6306541,,,,,,,,,,,,,,,,,
28,0.859362,0.6233629,,,,,,,,,,,,,,,,,
29,0.8288096,0.6208565,,,,,,,,,,,,,,,,,
30,0.80493784,0.61534226,,,,,,,,,,,,,,,,,
31,0.79787517,0.61121213,,,,,,,,,,,,,,,,,
32,0.7833451,0.6058764,,,,,,,,,,,,,,,,,
33,0.76471573,0.6031799,,,,,,,,,,,,,,,,,
34,0.7508149,0.5963149,,,,,,,,,,,,,,,,,
35,0.74204654,0.5917296,,,,,,,,,,,,,,,,,
36,0.72246796,0.5878733,,,,,,,,,,,,,,,,,
37,0.7075878,0.583516,,,,,,,,,,,,,,,,,
38,0.6826014,0.578114,,,,,,,,,,,,,,,,,
39,0.67513335,0.5748146,,,,,,,,,,,,,,,,,
40,0.66645676,0.56890047,,,,,,,,,,,,,,,,,
41,0.64970106,0.5653587,,,,,,,,,,,,,,,,,
42,0.6400761,0.56092274,,,,,,,,,,,,,,,,,
43,0.6334676,0.5577897,,,,,,,,,,,,,,,,,
44,0.62373656,0.55288523,,,,,,,,,,,,,,,,,
45,0.61087066,0.5498566,,,,,,,,,,,,,,,,,
46,0.6063224,0.54599327,,,,,,,,,,,,,,,,,
47,0.604573,0.5404599,,,,,,,,,,,,,,,,,
48,0.5974626,0.5389322,,,,,,,,,,,,,,,,,
49,0.5943118,0.5338807,,,,,,,,,,,,,,,,,
50,0.5948167,0.5286406,,,,,,,,,,,,,,,,,
51,0.5897965,0.52487355,,,,,,,,,,,,,,,,,
52,0.58154637,0.51996756,,,,,,,,,,,,,,,,,
53,0.5748085,0.51658845,,,,,,,,,,,,,,,,,
54,0.5707249,0.51077205,,,,,,,,,,,,,,,,,
55,0.5642226,0.5071837,,,,,,,,,,,,,,,,,
56,0.55761904,0.5030116,,,,,,,,,,,,,,,,,
57,0.5547828,0.49681494,,,,,,,,,,,,,,,,,
58,0.5452667,0.49063197,,,,,,,,,,,,,,,,,
59,0.5322953,0.4895503,,,,,,,,,,,,,,,,,
60,0.5182011,0.4858622,,,,,,,,,,,,,,,,,
61,0.5124896,0.47875494,,,,,,,,,,,,,,,,,
62,0.5052044,0.4776788,,,,,,,,,,,,,,,,,
63,0.4968521,0.473401,,,,,,,,,,,,,,,,,
64,0.48947328,0.4678302,,,,,,,,,,,,,,,,,
65,0.48626354,0.4633058,,,,,,,,,,,,,,,,,
66,0.47506994,0.46162188,,,,,,,,,,,,,,,,,
67,0.46946377,0.45844623,,,,,,,,,,,,,,,,,
68,0.46770698,0.45329455,,,,,,,,,,,,,,,,,
69,0.4597075,0.44975415,,,,,,,,,,,,,,,,,
70,0.45569593,0.449147,,,,,,,,,,,,,,,,,
71,0.4508603,0.4453665,,,,,,,,,,,,,,,,,
72,0.45104748,0.43964234,,,,,,,,,,,,,,,,,
73,0.44390848,0.435751,,,,,,,,,,,,,,,,,
74,0.43736535,0.43513614,,,,,,,,,,,,,,,,,
75,0.4293786,0.4335069,,,,,,,,,,,,,,,,,
76,0.42789808,0.43026456,,,,,,,,,,,,,,,,,
77,0.42334998,0.42591238,,,,,,,,,,,,,,,,,
78,0.4240427,0.42192325,,,,,,,,,,,,,,,,,
79,0.42074755,0.41859123,,,,,,,,,,,,,,,,,
80,0.41857922,0.4140985,,,,,,,,,,,,,,,,,
81,0.4135099,0.415421,,,,,,,,,,,,,,,,,
82,0.41093507,0.4128605,,,,,,,,,,,,,,,,,
83,0.40966868,0.40865833,,,,,,,,,,,,,,,,,
84,0.40464464,0.4061287,,,,,,,,,,,,,,,,,
85,0.40097794,0.40292147,,,,,,,,,,,,,,,,,
86,0.4027173,0.39785832,,,,,,,,,,,,,,,,,
87,0.39446548,0.39947525,,,,,,,,,,,,,,,,,
88,0.39520943,0.39534023,,,,,,,,,,,,,,,,,
89,0.39290297,0.39242363,,,,,,,,,,,,,,,,,
90,0.39022577,0.38814887,,,,,,,,,,,,,,,,,
91,0.38667426,0.3878024,,,,,,,,,,,,,,,,,
92,0.38494322,0.38606906,,,,,,,,,,,,,,,,,
93,0.3836311,0.3817733,,,,,,,,,,,,,,,,,
94,0.37936848,0.3788746,,,,,,,,,,,,,,,,,
95,0.3821841,0.37615523,,,,,,,,,,,,,,,,,
96,0.37607247,0.3767961,,,,,,,,,,,,,,,,,
97,0.37691784,0.37189853,,,,,,,,,,,,,,,,,
98,0.3737258,0.37062338,,,,,,,,,,,,,,,,,
99,0.3728449,0.36500007,,,,,,,,,,,,,,,,,
100,0.36743897,0.36528844,,,,,,,,,,,,,,,,,
500,0.01312905,0.062165726,,,,,,,,,,,,,,,,,
793,,,0.9868057370185852,0.0507830679416656,0.0516882416058989,0.9841329455375672,0.0609046965837478,0.0510654525759911,43793.0,0.9831559658050536,0.0642025992274284,0.0533159614295343,43793.0,258.375075340271,663.2159872055054,258.375075340271,404.7939808368683,0.0282289981842041,0.0
1000,0.039694455,0.059624676,,,,,,,,,,,,,,,,,
1500,0.061877575,0.058060627,,,,,,,,,,,,,,,,,
1595,,,0.9873453974723816,0.0468352660536766,0.093481256519076,0.9845287203788756,0.0564473718404769,0.0951122453155646,43793.0,0.9835472702980042,0.0597205869853496,0.0933856236146907,43793.0,498.4070701599121,1017.8797771930696,498.4070701599121,519.3789639472961,0.0562899112701416,0.0
2000,0.0131214745,0.04459566,,,,,,,,,,,,,,,,,
2399,,,0.9874485731124878,0.0454713441431522,0.124858723624022,0.984713852405548,0.0550043359398841,0.1196931239664118,43793.0,0.9836664795875548,0.0581773295998573,0.1181213983344024,43793.0,738.5130224227905,1373.3737497329712,738.5130224227905,634.7215549945831,0.0828323364257812,0.0
2500,0.019968502,0.037360013,,,,,,,,,,,,,,,,,
3000,0.009015146,0.040089928,,,,,,,,,,,,,,,,,
3212,,,0.9878000617027284,0.0431879349052906,0.1391459251340874,0.9850386381149292,0.0526699386537075,0.1350334797594012,43793.0,0.9840598702430724,0.0556624606251716,0.1345989585593847,43793.0,978.6268582344056,1727.5294523239136,978.6268582344056,748.7177813053131,0.1092963218688964,0.0
3500,0.008175131,0.039086193,,,,,,,,,,,,,,,,,
4000,0.009098082,0.045295555,,,,,,,,,,,,,,,,,
4034,,,0.9881040453910828,0.0413789711892604,0.1731031052507642,0.9852420091629028,0.0512686632573604,0.1528905318940395,43793.0,0.98423171043396,0.0542476549744606,0.1474598557370254,43793.0,1218.5888166427612,2084.139676094055,1218.5888166427612,865.32088804245,0.1354098320007324,0.0
4500,0.010115393,0.043859355,,,,,,,,,,,,,,,,,
4849,,,0.988204538822174,0.0405073389410972,0.1944206286154113,0.9854709506034852,0.0498734265565872,0.1716490816657216,43793.0,0.9845417141914368,0.0526445247232914,0.1660311514570627,43793.0,1458.598202943802,2442.474811553955,1458.598202943802,983.6019570827484,0.1607849597930908,0.0
5000,0.011611424,0.039085153,,,,,,,,,,,,,,,,,
5500,0.009746604,0.042252958,,,,,,,,,,,,,,,,,
5669,,,0.9883393049240112,0.039722491055727,0.2193371941569386,0.9855290055274964,0.0497006736695766,0.1824963540376239,43793.0,0.9845627546310424,0.0527021624147892,0.179471264820717,43793.0,1698.7393758296969,2798.2230608463287,1698.7393758296969,1099.1627323627472,0.1876683235168457,0.0
6000,0.011655985,0.042878944,,,,,,,,,,,,,,,,,
6478,,,0.98891282081604,0.0379282012581825,0.2396553356849682,0.9858176112174988,0.0480709820985794,0.1882255265444719,43793.0,0.9848811626434326,0.0507690086960792,0.1864685282047693,43793.0,1938.908233165741,3156.548723220825,1938.908233165741,1217.2732729911804,0.214646577835083,0.0
6500,0.007043722,0.035293613,,,,,,,,,,,,,,,,,
7000,0.008607947,0.035018515,,,,,,,,,,,,,,,,,
7285,,,0.9889923930168152,0.0375585071742534,0.2506327976129368,0.9858740568161012,0.0481980554759502,0.2032919536898693,43793.0,0.984966278076172,0.0510531328618526,0.196637210410688,43793.0,2179.098852157593,3513.17693400383,2179.098852157593,1333.6661846637726,0.2401752471923828,0.0
7500,0.00916761,0.041050572,,,,,,,,,,,,,,,,,
8000,0.00988501,0.036802996,,,,,,,,,,,,,,,,,
8093,,,0.9892497062683104,0.0366083309054374,0.2666826090638757,0.9859690070152284,0.0474497377872467,0.2084373997292699,43793.0,0.9850972294807434,0.0501539260149002,0.2030007199953716,43793.0,2419.246979236603,3870.087949991226,2419.246979236603,1450.383628129959,0.2665662765502929,0.0
8500,0.010768675,0.038401794,,,,,,,,,,,,,,,,,
8901,,,0.9892312288284302,0.0362384766340255,0.281996857452315,0.985981583595276,0.0468596555292606,0.2186658289849891,43793.0,0.9851385354995728,0.0495223142206668,0.2099779295454871,43793.0,2659.262021303177,4228.892052412033,2659.262021303177,1569.1262352466583,0.2938754558563232,0.0
9000,0.008834131,0.037643597,,,,,,,,,,,,,,,,,
9500,0.011176864,0.03685579,,,,,,,,,,,,,,,,,
9706,,,0.9894201159477234,0.0356991216540336,0.2871602391480262,0.986047387123108,0.0465821772813797,0.2198076065114814,43793.0,0.9852463603019714,0.0493173860013484,0.220462762493265,43793.0,2899.337280035019,4584.833826303482,2899.337280035019,1684.947012424469,0.3199949264526367,0.0
10000,0.0104021765,0.037026692,,,,,,,,,,,,,,,,,
10500,0.014491562,0.035259906,,,,,,,,,,,,,,,,,
10516,,,0.9896848201751708,0.0346870273351669,0.3019304039090689,0.986333966255188,0.046041939407587,0.2248991787646029,43793.0,0.985468327999115,0.0487447902560234,0.2193693607071426,43793.0,3139.3436799049377,4940.158073663712,3139.3436799049377,1800.2187502384186,0.3462367057800293,0.0
11000,0.008874459,0.0338369,,,,,,,,,,,,,,,,,
11321,,,0.9899202585220336,0.0338815338909626,0.3169519903201963,0.9863104224205016,0.046093676239252,0.2314853989177332,43793.0,0.9854274988174438,0.04879941791296,0.2307608910297682,43793.0,3379.463701248169,5300.479362487793,3379.463701248169,1920.3735365867608,0.3728978633880615,0.0
11500,0.011049096,0.032201856,,,,,,,,,,,,,,,,,
12000,0.012444373,0.03689851,,,,,,,,,,,,,,,,,
12127,,,0.9898400902748108,0.0339006520807743,0.336388867552628,0.9864143133163452,0.0458513312041759,0.233934760699651,43793.0,0.9855626821517944,0.0487557761371135,0.2293993167948892,43793.0,3619.480618000032,5656.386184930801,3619.480618000032,2036.2166798114777,0.3995664119720459,0.0
12500,0.011602928,0.03211674,,,,,,,,,,,,,,,,,
12930,,,0.9900326132774352,0.0331810563802719,0.3420091553329427,0.9864143133163452,0.0456366874277591,0.239900025755602,43793.0,0.985623300075531,0.0483269430696964,0.2344330623622547,43793.0,3859.721358060837,6014.845408916473,3859.721358060837,2154.387207508087,0.4270699024200439,0.0
13000,0.012506104,0.036416084,,,,,,,,,,,,,,,,,
13500,0.011171728,0.036383484,,,,,,,,,,,,,,,,,
13739,,,0.9901013374328612,0.0329267121851444,0.3447498642979649,0.986382246017456,0.0457633808255195,0.2401407905211247,43793.0,0.9856106638908386,0.0482834838330745,0.2315584550281117,43793.0,4099.86542057991,6370.615036010742,4099.86542057991,2269.9651188850403,0.4548242092132568,0.0
14000,0.01092538,0.03325162,,,,,,,,,,,,,,,,,
14500,0.012055425,0.033648077,,,,,,,,,,,,,,,,,
14547,,,0.9902201294898988,0.0325334072113037,0.3550890578263983,0.9863721132278442,0.0453710593283176,0.2445942358176692,43793.0,0.9856014251708984,0.0481596142053604,0.2408001793552391,43793.0,4339.959518432617,6730.624314308167,4339.959518432617,2389.8322942256927,0.4832234382629394,0.0
15000,0.016863843,0.040069852,,,,,,,,,,,,,,,,,
15351,,,0.9903188347816468,0.0320890322327613,0.3673918130942452,0.9864687323570251,0.0451046600937843,0.2467531356879626,43793.0,0.985623300075531,0.0479471907019615,0.2388792188110291,43793.0,4579.929854154587,7089.57489824295,4579.929854154587,2508.765280008316,0.5106532573699951,0.0
15500,0.01280039,0.035853397,,,,,,,,,,,,,,,,,
16000,0.011852343,0.03399132,,,,,,,,,,,,,,,,,
16146,,,0.9904552698135376,0.0317499190568923,0.3759059375201999,0.9865000247955322,0.0454229600727558,0.2465439110624662,43793.0,0.9856873750686646,0.04818981513381,0.2416871470637339,43793.0,4819.962957620621,7448.847566127777,4819.962957620621,2627.9578578472137,0.538485050201416,0.0
16500,0.013394329,0.035240836,,,,,,,,,,,,,,,,,
16943,,,0.990612804889679,0.0310745704919099,0.3923342993467624,0.9866761565208436,0.0449339337646961,0.2481883763128292,43793.0,0.9858095049858092,0.0478080473840236,0.2451284558513087,43793.0,5060.109432220459,7807.369671821594,5060.109432220459,2746.2861721515656,0.5664393901824951,0.0
17000,0.010110793,0.028684381,,,,,,,,,,,,,,,,,
17500,0.012169547,0.034538265,,,,,,,,,,,,,,,,,
17741,,,0.9904956817626952,0.03121436573565,0.3827515889020879,0.9866238236427308,0.0450232475996017,0.2533547440302999,43793.0,0.9856860637664796,0.0479783564805984,0.244544155577071,43793.0,5300.205405473709,8167.17295050621,5300.205405473709,2865.94571018219,0.5950961112976074,0.0
18000,0.012169614,0.03138751,,,,,,,,,,,,,,,,,
18500,0.012511744,0.032761216,,,,,,,,,,,,,,,,,
18541,,,0.9906713366508484,0.030988410115242,0.3942809964391242,0.9865012168884276,0.0451652556657791,0.2515437690132111,43793.0,0.9857690334320068,0.0478521548211574,0.2461328843575586,43793.0,5540.453552007675,8524.151455163956,5540.453552007675,2982.628463983536,0.623605489730835,0.0
19000,0.01578087,0.032761484,,,,,,,,,,,,,,,,,
19342,,,0.9908090233802797,0.0301906988024711,0.4148024368085039,0.9866716861724854,0.0450183860957622,0.2541637870072517,43793.0,0.9857636094093324,0.0479012317955493,0.2454797353494288,43793.0,5780.566792011261,8885.208612680435,5780.566792011261,3103.526114225388,0.6509778499603271,0.0
19500,0.013960357,0.032182,,,,,,,,,,,,,,,,,
20000,0.01457816,0.037638817,,,,,,,,,,,,,,,,,
20144,,,0.9909778237342834,0.0297435820102691,0.4217770246896334,0.9865962266921996,0.0450168177485466,0.2555154354218881,43793.0,0.9857505559921264,0.0477231182157993,0.2491872558137846,43793.0,6020.663792848587,9245.775425434113,6020.663792848587,3223.94864821434,0.6791856288909912,0.0
20500,0.016421275,0.03712207,,,,,,,,,,,,,,,,,
20951,,,0.9909278750419616,0.0298565123230218,0.4376183179631516,0.9867184162139891,0.0450357012450695,0.2589760558256462,43793.0,0.9858545660972596,0.0478931367397308,0.2471405413214536,43793.0,6260.650344848633,9603.788563251495,6260.650344848633,3341.928655385971,0.706390380859375,0.0
21000,0.012760401,0.029749645,,,,,,,,,,,,,,,,,
21500,0.014750923,0.03143912,,,,,,,,,,,,,,,,,
21752,,,0.9910473823547364,0.0292822644114494,0.4299573748537403,0.9867200255393982,0.0447634570300579,0.2571080741713299,43793.0,0.9858187437057496,0.0476774200797081,0.2500796586696012,43793.0,6500.611852884293,9962.836369276049,6500.611852884293,3460.967882871628,0.7341837882995605,0.0
22000,0.016194101,0.033124853,,,,,,,,,,,,,,,,,
22500,0.015359078,0.031151993,,,,,,,,,,,,,,,,,
22545,,,0.9911746978759766,0.0289212446659803,0.4340949371239833,0.9866932034492492,0.0449115969240665,0.2568905636250173,43793.0,0.9858440160751344,0.0478120110929012,0.2515250197353914,43793.0,6740.751178979874,10322.113637924194,6740.751178979874,3580.058919906616,0.7617735862731934,0.0
23000,0.014474963,0.032567587,,,,,,,,,,,,,,,,,
23340,,,0.9913663864135742,0.0283855590969324,0.4404243798840853,0.9867281317710876,0.0450101271271705,0.2604006731856771,43793.0,0.985854983329773,0.0479745157063007,0.250091278119518,43793.0,6980.850264072418,10680.12444972992,6980.850264072418,3697.921640396118,0.7909748554229736,0.0
23500,0.01719373,0.03551879,,,,,,,,,,,,,,,,,
24000,0.01788606,0.0333197,,,,,,,,,,,,,,,,,
24136,,,0.991372287273407,0.0282890573143959,0.4602787133381099,0.986718773841858,0.0447885282337665,0.2614202971500911,43793.0,0.985826313495636,0.0476898550987243,0.2543409290330518,43793.0,7220.956338167191,11040.202916145325,7220.956338167191,3817.846634626389,0.818695068359375,0.0
24500,0.017178219,0.035789423,,,,,,,,,,,,,,,,,
24932,,,0.9915687441825868,0.0276992991566658,0.4716990946912253,0.98674476146698,0.0449373722076416,0.2618642532217851,43793.0,0.9858916401863098,0.0477000549435615,0.2539176869882299,43793.0,7461.059656858444,11401.086903572084,7461.059656858444,3938.577342510224,0.8489046096801758,0.0
25000,0.015834672,0.030823478,,,,,,,,,,,,,,,,,
25500,0.015659695,0.031738468,,,,,,,,,,,,,,,,,
25733,,,0.9915797114372252,0.0274927131831645,0.4730687510525703,0.9867460131645204,0.0448826439678669,0.2615400017086992,43793.0,0.98589289188385,0.0479861870408058,0.2522206608291923,43793.0,7701.22026181221,11759.659596681597,7701.22026181221,4056.9416811466217,0.8771867752075195,0.0
26000,0.01689594,0.030396901,,,,,,,,,,,,,,,,,
26500,0.017803794,0.032283805,,,,,,,,,,,,,,,,,
26529,,,0.9913433790206908,0.0280920844525098,0.4507576214725882,0.9868685603141784,0.0452911779284477,0.2620002614225539,43793.0,0.9859354496002196,0.0485191978514194,0.2542642290283399,43793.0,7941.276777505875,12120.029221773148,7941.276777505875,4177.207139253616,0.9058983325958252,0.0
27000,0.016552286,0.030935537,,,,,,,,,,,,,,,,,
27328,,,0.9916400909423828,0.0274059437215328,0.4623834583610591,0.9868117570877076,0.0447002835571765,0.2633630571021186,43793.0,0.9859842658042908,0.0476348064839839,0.2545476116553406,43793.0,8181.4127452373505,12478.563350915909,8181.4127452373505,4295.557314634323,0.9341349601745604,0.0
27500,0.015903143,0.032236923,,,,,,,,,,,,,,,,,
28000,0.018635325,0.031084936,,,,,,,,,,,,,,,,,
28122,,,0.99152934551239,0.0276632271707057,0.4664474926785296,0.9868231415748596,0.0446750745177269,0.2692567573218211,43793.0,0.9859354496002196,0.0476779863238334,0.2606846974363728,43793.0,8421.509254932404,12838.518723964691,8421.509254932404,4415.367299079895,0.963681936264038,0.0
28500,0.015139029,0.02755158,,,,,,,,,,,,,,,,,
28927,,,0.9917492866516112,0.0271093640476465,0.4802211629750986,0.9868393540382384,0.0447659082710742,0.2674146762524075,43793.0,0.9859552383422852,0.0478021800518035,0.2553599243545492,43793.0,8661.698993682861,13195.27497792244,8661.698993682861,4531.88570356369,0.992128849029541,0.0
29000,0.017126663,0.027380714,,,,,,,,,,,,,,,,,
29500,0.016687686,0.030160632,,,,,,,,,,,,,,,,,
29739,,,0.9917426109313964,0.0270323697477579,0.4809532278646276,0.986894190311432,0.0446792803704738,0.266690061996916,43793.0,0.9859615564346312,0.0477389656007289,0.2565497417525822,43793.0,8901.712589025497,13555.573674201964,8901.712589025497,4652.123513698578,1.0198748111724854,0.0
30000,0.017622015,0.029326832,,,,,,,,,,,,,,,,,
30500,0.019510847,0.030961813,,,,,,,,,,,,,,,,,
30548,,,0.9916932582855223,0.0270757898688316,0.4752708787929151,0.986865758895874,0.044949896633625,0.2699758831797729,43793.0,0.98594468832016,0.0480803623795509,0.2586009643813834,43793.0,9141.928536176682,13915.84278345108,9141.928536176682,4772.127604484558,1.0492854118347168,0.0
31000,0.02019622,0.032478347,,,,,,,,,,,,,,,,,
31350,,,0.9917203187942504,0.0270217526704072,0.4709897739352743,0.986737072467804,0.044955238699913,0.2682948768436706,43793.0,0.9858831763267516,0.0480294525623321,0.2590827958646767,43793.0,9382.122972011566,14272.999755382538,9382.122972011566,4889.039973020554,1.0792818069458008,0.0
31500,0.017962689,0.027976025,,,,,,,,,,,,,,,,,
32000,0.022928301,0.030446673,,,,,,,,,,,,,,,,,
32156,,,0.9918476939201356,0.026642495766282,0.4916928244609285,0.9868133664131165,0.0448586568236351,0.2655469187525397,43793.0,0.9859653115272522,0.0478342771530151,0.2589094172859118,43793.0,9622.31300854683,14632.902275800703,9622.31300854683,5008.703879117966,1.107926607131958,0.0
32500,0.018621283,0.028420558,,,,,,,,,,,,,,,,,
32960,,,0.9917860627174376,0.0266712475568056,0.4956820803213057,0.9869368076324464,0.0452182665467262,0.2669544895081704,43793.0,0.9859678745269777,0.0485087744891643,0.2536050478074259,43793.0,9862.268160581589,14987.034296751022,9862.268160581589,5122.830671548843,1.1380386352539062,0.0
33000,0.018102158,0.026765168,,,,,,,,,,,,,,,,,
33500,0.02135902,0.03014691,,,,,,,,,,,,,,,,,
33765,,,0.9919589757919312,0.0262366645038127,0.4981773913015407,0.986812174320221,0.0449429228901863,0.2688041308410829,43793.0,0.985889971256256,0.0481228977441787,0.2577870568466685,43793.0,10102.244501113892,15343.763989925385,10102.244501113892,5239.534306526184,1.1680183410644531,0.0
34000,0.018339528,0.02789673,,,,,,,,,,,,,,,,,
34500,0.023033217,0.029128129,,,,,,,,,,,,,,,,,
34573,,,0.9918607473373412,0.0264601446688175,0.493075980768225,0.9868962168693542,0.0450655631721019,0.2666738464573022,43793.0,0.9860053658485411,0.0481819324195385,0.258512273417339,43793.0,10342.13280558586,15698.62466287613,10342.13280558586,5354.200483798981,1.4540390968322754,0.0
35000,0.022004515,0.03135791,,,,,,,,,,,,,,,,,
35379,,,0.9919452667236328,0.0261807776987552,0.4992327016971652,0.9869120121002196,0.0450974591076374,0.2694083612732554,43793.0,0.9859476685523988,0.0482867881655693,0.2537232228092482,43793.0,10582.235233783722,16054.840868234634,10582.235233783722,5470.265028476715,1.4830470085144043,0.0
35500,0.02171752,0.03011196,,,,,,,,,,,,,,,,,
36000,0.020425215,0.025594382,,,,,,,,,,,,,,,,,
36183,,,0.991944432258606,0.0260838810354471,0.4997910378006097,0.9869709014892578,0.0449877977371215,0.2719427950063057,43793.0,0.9859986305236816,0.0480444580316543,0.2584187955046018,43793.0,10822.21910572052,16413.721934080124,10822.21910572052,5589.113726377487,1.51165771484375,0.0
36500,0.027005678,0.027384916,,,,,,,,,,,,,,,,,
36985,,,0.992145538330078,0.0255388468503952,0.5099983919537467,0.9868669509887696,0.0450887903571128,0.271475965278031,43793.0,0.9859269857406616,0.0482206307351589,0.2552624783581714,43793.0,11062.236684799194,16767.79988336563,11062.236684799194,5703.1231327056885,1.5422985553741455,0.0
37000,0.024708772,0.031410318,,,,,,,,,,,,,,,,,
37500,0.021840857,0.028462756,,,,,,,,,,,,,,,,,
37790,,,0.9922175407409668,0.0254510771483182,0.5226939458417625,0.986811339855194,0.0448856018483638,0.270119359014984,43793.0,0.9859526753425598,0.0478500425815582,0.260474715508027,43793.0,11302.480284929276,17127.047206640244,11302.480284929276,5822.076856136322,1.5720384120941162,0.0
38000,0.026718805,0.026725693,,,,,,,,,,,,,,,,,
38500,0.022419853,0.03084528,,,,,,,,,,,,,,,,,
38589,,,0.992182731628418,0.0253427010029554,0.5217016574919506,0.9868559837341307,0.0450432747602462,0.2768410704805472,43793.0,0.985941767692566,0.0480235964059829,0.2596918200739715,43793.0,11542.44424200058,17486.37224960327,11542.44424200058,5941.387535810471,1.6027278900146484,0.0
39000,0.025778765,0.026449986,,,,,,,,,,,,,,,,,
39386,,,0.9921956062316896,0.0252446997910738,0.511250873621642,0.9868945479393004,0.0451557002961635,0.272645490614222,43793.0,0.9860411286354064,0.0481909215450286,0.2582591956926438,43793.0,11782.47777724266,17843.572909116745,11782.47777724266,6058.496329307556,1.6405205726623535,0.0
39500,0.025705224,0.02956036,,,,,,,,,,,,,,,,,
40000,0.020995198,0.028798385,,,,,,,,,,,,,,,,,
40183,,,0.9922892451286316,0.0250130258500576,0.5225452270794689,0.986901044845581,0.045349296182394,0.2729705354671894,43793.0,0.986038625240326,0.0483191162347793,0.2562086760981972,43793.0,12022.704268217089,18199.940435647964,12022.704268217089,6174.58575129509,1.6714468002319336,0.0
40500,0.023176044,0.025181089,,,,,,,,,,,,,,,,,
40991,,,0.9924004673957824,0.024641178548336,0.537957910609613,0.9868661761283876,0.0453133098781108,0.2732335115207849,43793.0,0.9859472513198853,0.0484591163694858,0.2610771375571753,43793.0,12262.691478013992,18554.431445121765,12262.691478013992,6289.040021657944,1.7009563446044922,0.0
41000,0.020990374,0.025447484,,,,,,,,,,,,,,,,,
41500,0.024091352,0.027466962,,,,,,,,,,,,,,,,,
41795,,,0.9924507737159728,0.0246262419968843,0.5333804592644633,0.986935555934906,0.0450974069535732,0.2734244707812058,43793.0,0.9860251545906068,0.0482376739382743,0.258896535536681,43793.0,12502.694967746736,18910.314481973648,12502.694967746736,6404.870155096054,1.7307236194610596,0.0
42000,0.02401301,0.026862452,,,,,,,,,,,,,,,,,
42500,0.025391787,0.028359635,,,,,,,,,,,,,,,,,
42600,,,0.9924954771995544,0.024203160777688,0.5456466575510697,0.9869043231010436,0.0451915897428989,0.2751137049043032,43793.0,0.9860247373580932,0.0483830831944942,0.2583826427793984,43793.0,12742.68578529358,19264.04238629341,12742.68578529358,6518.5565485954285,1.7616491317749023,0.0
43000,0.022450244,0.025720868,,,,,,,,,,,,,,,,,
43404,,,0.9924352169036864,0.0243333112448453,0.5414993508027892,0.9869801998138428,0.0453787744045257,0.2751209907094926,43793.0,0.9860870838165284,0.0485424883663654,0.2594711247718872,43793.0,12982.76100373268,19619.90135717392,12982.76100373268,6634.289053916931,1.7924144268035889,0.0
43500,0.02752315,0.029548815,,,,,,,,,,,,,,,,,
44000,0.024602922,0.026981441,,,,,,,,,,,,,,,,,
44210,,,0.9925671219825744,0.0241432953625917,0.5367888907544053,0.9869238138198853,0.0454052910208702,0.275296574584127,43793.0,0.9860508441925048,0.0485216490924358,0.2611568913376222,43793.0,13222.95099234581,19971.17347025872,13222.95099234581,6745.318096399307,1.825453281402588,0.0
44500,0.025256047,0.026267033,,,,,,,,,,,,,,,,,
45000,0.024240589,0.026580045,,,,,,,,,,,,,,,,,
45020,,,0.9926998615264891,0.0237418543547391,0.5486052379780496,0.9868945479393004,0.0456236489117145,0.2757457969445733,43793.0,0.9860655665397644,0.0487454235553741,0.2620582261498086,43793.0,13463.144181013107,20322.98603606224,13463.144181013107,6856.88672709465,1.8560996055603027,0.0
45500,0.030056398,0.02927802,,,,,,,,,,,,,,,,,
45819,,,0.9926347732543944,0.0238918941468,0.5480086924167176,0.986940860748291,0.0454648397862911,0.2755774865457568,43793.0,0.9859952330589294,0.0486571006476879,0.2649718800382767,43793.0,13703.2581346035,20676.767524003983,13703.2581346035,6970.503480911255,1.8871448040008545,0.0
46000,0.025648672,0.026007464,,,,,,,,,,,,,,,,,
46500,0.026189966,0.027484763,,,,,,,,,,,,,,,,,
46617,,,0.9927825927734376,0.0234208982437849,0.5705329375541817,0.986935555934906,0.0454596243798732,0.2758348421894809,43793.0,0.9860453605651855,0.0485741421580314,0.2623918398267664,43793.0,13943.337622642515,21030.55988264084,13943.337622642515,7084.166176080704,1.9173269271850584,0.0
47000,0.02480383,0.027673336,,,,,,,,,,,,,,,,,
47420,,,0.9927552938461304,0.0232719890773296,0.5661322514400959,0.98698753118515,0.0454889498651027,0.2752511137623446,43793.0,0.9860736131668092,0.0486963577568531,0.2622494513856673,43793.0,14183.424819469452,21384.475169181824,14183.424819469452,7197.943068981171,1.948206901550293,0.0
47500,0.02405328,0.02492711,,,,,,,,,,,,,,,,,
48000,0.024774203,0.02675805,,,,,,,,,,,,,,,,,
48219,,,0.9928408861160278,0.0232137367129325,0.5647317553810931,0.986934781074524,0.0454341620206832,0.274276312298992,43793.0,0.9860108494758606,0.0485892929136753,0.2626610826882154,43793.0,14423.4420773983,21736.33067893982,14423.4420773983,7309.731217622757,1.9786181449890137,0.0
48500,0.027759226,0.027875671,,,,,,,,,,,,,,,,,
49000,0.024412246,0.025243375,,,,,,,,,,,,,,,,,
49026,,,0.9929050207138062,0.0231035035103559,0.5581793169504019,0.9869603514671326,0.0454621091485023,0.2736160201564085,43793.0,0.9860205054283142,0.0486507229506969,0.2626538775864568,43793.0,14663.565058469772,22094.038153886795,14663.565058469772,7427.262252569199,2.0119221210479736,0.0
49500,0.024996202,0.026253354,,,,,,,,,,,,,,,,,
49835,,,0.9928552508354188,0.0232251267880201,0.5696668020599087,0.9868860244750975,0.0455418303608894,0.2750637256028806,43793.0,0.9859855771064758,0.048730868846178,0.2612749686610757,43793.0,14903.75612449646,22449.63809847832,14903.75612449646,7542.620284080505,2.04251766204834,0.0
50000,0.024845295,0.026219279,,,,,,,,,,,,,,,,,
50500,0.026243696,0.02525899,,,,,,,,,,,,,,,,,
50642,,,0.9930359721183776,0.0226742830127477,0.5714555103717077,0.9869185090065002,0.0456307455897331,0.2737856414783453,43793.0,0.9859994649887084,0.0488135553896427,0.2624151472050332,43793.0,15143.740395784378,22806.964408636093,15143.740395784378,7659.909089565277,2.0754642486572266,0.0
51000,0.025320923,0.027335705,,,,,,,,,,,,,,,,,
51452,,,0.992973566055298,0.0227236580103635,0.58130251513542,0.9869635701179504,0.0456575639545917,0.2749304379779259,43793.0,0.9860108494758606,0.0488740317523479,0.2631808375592375,43793.0,15383.973316907885,23163.83529639244,15383.973316907885,7776.496366739273,2.1059720516204834,0.0
51500,0.025427276,0.025730986,,,,,,,,,,,,,,,,,
52000,0.031190597,0.027099406,,,,,,,,,,,,,,,,,
52261,,,0.9929158091545104,0.0229747910052537,0.5673924226760431,0.9869436621665956,0.0455937720835208,0.2764157173795536,43793.0,0.9860618114471436,0.0487744361162185,0.2627501931168639,43793.0,15624.197340488434,23522.97312450409,15624.197340488434,7895.357687950134,2.138467073440552,0.0
52500,0.025233256,0.025626557,,,,,,,,,,,,,,,,,
53000,0.025486536,0.025673196,,,,,,,,,,,,,,,,,
53065,,,0.9930059909820556,0.0226573888212442,0.57494310110014,0.9869607090950012,0.045601088553667,0.2773550999542729,43793.0,0.9860609769821168,0.0488181225955486,0.2626048558927526,43793.0,15864.375243663788,23878.19301056862,15864.375243663788,8010.349139690399,2.169062852859497,0.0
53500,0.0296741,0.026106404,,,,,,,,,,,,,,,,,
53870,,,0.9930762648582458,0.0225227251648902,0.5758406791448971,0.986934781074524,0.0456522740423679,0.2764520626342218,43793.0,0.9860327243804932,0.048830322921276,0.2627652193591827,43793.0,16104.383655309675,24228.23948097229,16104.383655309675,8120.333985805511,2.202131509780884,0.0
54000,0.026972713,0.028814532,,,,,,,,,,,,,,,,,
54500,0.026977414,0.024097182,,,,,,,,,,,,,,,,,
54676,,,0.993075430393219,0.0225909985601902,0.5844517935968967,0.9869327545166016,0.0456479303538799,0.2757515957837684,43793.0,0.9859960675239564,0.0488014444708824,0.2625770439332958,43793.0,16344.355197906494,24576.19637823105,16344.355197906494,8228.26512002945,2.2357490062713623,0.0
55000,0.026909951,0.026865587,,,,,,,,,,,,,,,,,
55486,,,0.993108332157135,0.0224145799875259,0.5816741442478771,0.9868969917297364,0.0456341058015823,0.2758789111383522,43793.0,0.9860057830810548,0.0487958826124668,0.2637021698176648,43793.0,16584.57560634613,24928.508540153503,16584.57560634613,8340.305190563202,2.2675697803497314,0.0
55500,0.031066565,0.028603751,,,,,,,,,,,,,,,,,
56000,0.024422104,0.027672766,,,,,,,,,,,,,,,,,
56291,,,0.9930509924888612,0.0225339196622371,0.5714913955811379,0.9869099855422974,0.0456415489315986,0.2766152369747705,43793.0,0.9860078692436218,0.0488067343831062,0.2631754462186265,43793.0,16824.76493024826,25277.800141096115,16824.76493024826,8449.35622048378,2.298278570175171,0.0
56500,0.023659782,0.02254563,,,,,,,,,,,,,,,,,
57000,0.025994116,0.025180517,,,,,,,,,,,,,,,,,
57095,,,0.992990791797638,0.0227550342679023,0.5681405195249059,0.9869303107261658,0.0456765927374362,0.2764999992484705,43793.0,0.9860382080078124,0.0488756150007247,0.2634004960830804,43793.0,17064.856679677963,25631.42269778252,17064.856679677963,8562.834966897964,2.330130815505981,0.0
57500,0.028914299,0.028838204,,,,,,,,,,,,,,,,,
57901,,,0.9930864572525024,0.0224418751895427,0.578057153746631,0.9869193434715272,0.0456896014511585,0.2766180275006385,43793.0,0.9860268235206604,0.0488807596266269,0.2636164800832383,43793.0,17305.0386633873,25983.376288175583,17305.0386633873,8674.55403137207,2.3628604412078857,0.0
58000,0.02533805,0.024709757,,,,,,,,,,,,,,,,,
58500,0.025872119,0.025115876,,,,,,,,,,,,,,,,,
58708,,,0.9931564331054688,0.0223168451339006,0.5896502921986553,0.986928641796112,0.0456988848745822,0.2768841467123343,43793.0,0.986042022705078,0.0488881170749664,0.2638762265067022,43793.0,17545.15802550316,26334.484881162643,17545.15802550316,8785.491904258728,2.394485712051392,0.0
59000,0.026733102,0.02781307,,,,,,,,,,,,,,,,,
59500,0.025048736,0.024854075,,,,,,,,,,,,,,,,,
59511,,,0.993064820766449,0.022571824491024,0.5773330381705069,0.98691326379776,0.0456807911396026,0.2767009951365882,43793.0,0.9860302209854126,0.0488694347441196,0.2637429829262345,43793.0,17785.158355474472,26684.43019175529,17785.158355474472,8895.385179758072,2.426644086837769,0.0
60000,0.025448805,0.024189243,,,,,,,,,,,,,,,,,
60321,,,0.9930671453475952,0.0224455147981643,0.5834701249122045,0.98691326379776,0.0456802360713481,0.2766263148723688,43793.0,0.9860323071479796,0.0488687679171562,0.2637141685272774,43793.0,18025.22871351242,27035.16091799736,18025.22871351242,9005.994149446487,2.4581356048583984,0.0
60500,0.025820045,0.023401,,,,,,,,,,,,,,,,,
61000,0.025389504,0.028023373,,,,,,,,,,,,,,,,,
61124,,,0.99299418926239,0.0227469131350517,0.5616075727896844,0.98691326379776,0.0456802360713481,0.2767757584600609,43793.0,0.9860323071479796,0.0488687716424465,0.2637435667350785,43793.0,18265.331235408783,27386.783284902573,18265.331235408783,9117.461876153946,2.490337371826172,0.0
61500,0.026258979,0.027646368,,,,,,,,,,,,,,,,,
61823,,,,,,,,,,,,,,18477.103425979614,,,,,0.0
