global_step,grad_norm,loss,train/ssim,train/loss,validation/ssim,validation/loss,validation/num_examples,test/ssim,test/loss,test/num_examples,score,total_duration,accumulated_submission_time,accumulated_eval_time,accumulated_logging_time,preemption_count
0,8.49746,0.98926115,,,,,,,,,,,,,,
1,,,0.2011346306119646,1.007012026650565,0.1978683514613815,1.0117642258282922,3554.0,0.2182792912845137,1.0109621935868125,3581.0,57.869542598724365,263.8709526062012,57.869542598724365,206.00096774101257,0.0,0.0
1,8.2704,0.9638377,,,,,,,,,,,,,,
2,7.1321845,0.9416906,,,,,,,,,,,,,,
3,6.8401747,0.9393796,,,,,,,,,,,,,,
4,7.6892195,0.8519628,,,,,,,,,,,,,,
5,5.967619,0.8258213,,,,,,,,,,,,,,
6,4.3343134,0.8226041,,,,,,,,,,,,,,
7,3.5746288,0.69085747,,,,,,,,,,,,,,
8,2.1814523,0.6939459,,,,,,,,,,,,,,
9,1.686214,0.5860843,,,,,,,,,,,,,,
10,2.161454,0.58034486,,,,,,,,,,,,,,
11,2.90641,0.52378035,,,,,,,,,,,,,,
12,2.7897058,0.5500785,,,,,,,,,,,,,,
13,2.7906442,0.46494737,,,,,,,,,,,,,,
14,2.2202022,0.5758203,,,,,,,,,,,,,,
15,1.8424299,0.43273574,,,,,,,,,,,,,,
16,1.1977066,0.38153628,,,,,,,,,,,,,,
17,1.0905871,0.37864044,,,,,,,,,,,,,,
18,1.0006808,0.45543,,,,,,,,,,,,,,
19,1.0575808,0.39224342,,,,,,,,,,,,,,
20,1.2147721,0.38070083,,,,,,,,,,,,,,
21,0.65894246,0.45656472,,,,,,,,,,,,,,
22,0.6578139,0.35920396,,,,,,,,,,,,,,
23,0.58367056,0.39519593,,,,,,,,,,,,,,
24,0.35187098,0.3504628,,,,,,,,,,,,,,
25,0.5764313,0.36601675,,,,,,,,,,,,,,
26,0.5337941,0.25584593,,,,,,,,,,,,,,
27,0.36122337,0.29004592,,,,,,,,,,,,,,
28,0.3025798,0.27699795,,,,,,,,,,,,,,
29,0.30464032,0.40517133,,,,,,,,,,,,,,
30,0.34211767,0.33961323,,,,,,,,,,,,,,
31,0.37563193,0.31078678,,,,,,,,,,,,,,
32,0.328023,0.4552592,,,,,,,,,,,,,,
33,0.49328226,0.30349004,,,,,,,,,,,,,,
34,0.75552875,0.4436579,,,,,,,,,,,,,,
35,0.5079914,0.33312514,,,,,,,,,,,,,,
36,0.6455935,0.3876528,,,,,,,,,,,,,,
37,0.2984342,0.3877111,,,,,,,,,,,,,,
38,0.3420031,0.29955974,,,,,,,,,,,,,,
39,0.59748065,0.30235302,,,,,,,,,,,,,,
40,0.6177702,0.28724068,,,,,,,,,,,,,,
41,0.3807111,0.2746871,,,,,,,,,,,,,,
42,0.37115586,0.2746142,,,,,,,,,,,,,,
43,0.6219016,0.34767497,,,,,,,,,,,,,,
44,0.8220051,0.37208128,,,,,,,,,,,,,,
45,0.8436076,0.3140364,,,,,,,,,,,,,,
46,0.47915766,0.37639162,,,,,,,,,,,,,,
47,0.22671942,0.3820576,,,,,,,,,,,,,,
48,0.3718931,0.30842662,,,,,,,,,,,,,,
49,0.49411064,0.35669744,,,,,,,,,,,,,,
50,0.6266808,0.41542774,,,,,,,,,,,,,,
51,1.0608295,0.36822757,,,,,,,,,,,,,,
52,0.72751915,0.3378136,,,,,,,,,,,,,,
53,0.1614546,0.34415102,,,,,,,,,,,,,,
54,0.3841849,0.47266138,,,,,,,,,,,,,,
55,0.48407975,0.40253407,,,,,,,,,,,,,,
56,0.64555955,0.2720121,,,,,,,,,,,,,,
57,0.8618976,0.36406463,,,,,,,,,,,,,,
58,0.7732298,0.2620658,,,,,,,,,,,,,,
59,0.4959032,0.39950296,,,,,,,,,,,,,,
60,0.3935465,0.3018061,,,,,,,,,,,,,,
61,0.6380815,0.28031695,,,,,,,,,,,,,,
62,1.4053371,0.3605242,,,,,,,,,,,,,,
63,1.0150319,0.25180852,,,,,,,,,,,,,,
64,0.6661772,0.29541117,,,,,,,,,,,,,,
65,0.7335971,0.32671455,,,,,,,,,,,,,,
66,0.5522347,0.26409766,,,,,,,,,,,,,,
67,0.5424253,0.31499267,,,,,,,,,,,,,,
68,0.9257812,0.2839567,,,,,,,,,,,,,,
69,1.1635877,0.32277018,,,,,,,,,,,,,,
70,0.9534706,0.30800122,,,,,,,,,,,,,,
71,0.67918545,0.27291292,,,,,,,,,,,,,,
72,0.6318071,0.305063,,,,,,,,,,,,,,
73,0.8096584,0.28771222,,,,,,,,,,,,,,
74,1.1864842,0.31580842,,,,,,,,,,,,,,
75,0.8617495,0.3401067,,,,,,,,,,,,,,
76,0.44897032,0.25755802,,,,,,,,,,,,,,
77,0.524784,0.29094696,,,,,,,,,,,,,,
78,0.72689104,0.30718112,,,,,,,,,,,,,,
79,1.3878368,0.25947538,,,,,,,,,,,,,,
80,1.4987961,0.2885202,,,,,,,,,,,,,,
81,0.7772637,0.22136384,,,,,,,,,,,,,,
82,0.75272554,0.25632,,,,,,,,,,,,,,
83,1.1319008,0.23806778,,,,,,,,,,,,,,
84,0.9889337,0.23456234,,,,,,,,,,,,,,
85,0.5006767,0.31492192,,,,,,,,,,,,,,
86,0.39411676,0.3517189,,,,,,,,,,,,,,
87,0.7519654,0.28679115,,,,,,,,,,,,,,
88,0.94795525,0.29165366,,,,,,,,,,,,,,
89,0.65680647,0.38005832,,,,,,,,,,,,,,
90,0.97898364,0.2866622,,,,,,,,,,,,,,
91,1.1432005,0.40353593,,,,,,,,,,,,,,
92,0.56539446,0.40461144,,,,,,,,,,,,,,
93,0.58987796,0.31577015,,,,,,,,,,,,,,
94,0.9150098,0.23668769,,,,,,,,,,,,,,
95,1.1142759,0.28834894,,,,,,,,,,,,,,
96,0.9884359,0.21503042,,,,,,,,,,,,,,
97,0.98562175,0.23612374,,,,,,,,,,,,,,
98,0.86134815,0.29811814,,,,,,,,,,,,,,
99,0.9030199,0.19829151,,,,,,,,,,,,,,
100,1.2166682,0.31566793,,,,,,,,,,,,,,
339,,,0.7093524251665387,0.2992456981113979,0.6884005862672341,0.3174193580296848,3554.0,0.7065225157515359,0.318650318903152,3581.0,138.09318017959595,353.6006145477295,138.09318017959595,215.4677975177765,0.0276405811309814,0.0
500,0.4008761,0.26222637,,,,,,,,,,,,,,
591,,,0.7291371481759208,0.2862857409885951,0.7090211953081036,0.3033585685253411,3554.0,0.726185005825014,0.3051731905368612,3581.0,218.3789546489716,443.4079313278198,218.3789546489716,224.94779777526853,0.0602092742919921,0.0
846,,,0.718975475856236,0.285339491707938,0.702020734229917,0.3021234395333603,3554.0,0.7180032610260751,0.3040217208116622,3581.0,298.495400428772,533.0412633419037,298.495400428772,234.4168643951416,0.0989015102386474,0.0
1000,0.57225966,0.24430956,,,,,,,,,,,,,,
1159,,,0.7263932228088379,0.2838525261197771,0.704878429784222,0.302040662534732,3554.0,0.7221832403221865,0.3040961015494101,3581.0,378.6498470306397,622.7253205776215,378.6498470306397,243.89772701263428,0.1361913681030273,0.0
1500,0.69444126,0.30528414,,,,,,,,,,,,,,
1505,,,0.7247936385018485,0.2826719965253557,0.7032872566562324,0.3006942482831844,3554.0,0.7215823994039724,0.3021054112088976,3581.0,458.6905119419098,712.3063232898712,458.6905119419098,253.40172863006592,0.1597199440002441,0.0
1852,,,0.7370817320687431,0.2766293457576206,0.7156152591050576,0.295055726437201,3554.0,0.7329772420849623,0.2967360559637671,3581.0,538.7256853580475,801.8655879497528,538.7256853580475,262.88799595832825,0.184736967086792,0.0
2000,0.39995548,0.36342156,,,,,,,,,,,,,,
2199,,,0.7372031893048968,0.2772303138460432,0.715676534692424,0.2954113584055817,3554.0,0.7329064747102765,0.297030476876658,3581.0,618.8427710533142,891.5179741382599,618.8427710533142,272.3859603404999,0.2091064453125,0.0
2500,0.7565531,0.36158964,,,,,,,,,,,,,,
2549,,,0.7359602110726493,0.2762253114155361,0.7145790696882034,0.2943709442705402,3554.0,0.7323181782977869,0.2958830977511519,3581.0,698.9048330783844,981.1139640808104,698.9048330783844,281.8813025951385,0.234694242477417,0.0
2894,,,0.7406238147190639,0.275537507874625,0.7197207234586029,0.2937082130719787,3554.0,0.7369311475713837,0.2952863474326305,3581.0,778.8724179267883,1070.6225655078888,778.8724179267883,291.3839316368103,0.260462999343872,0.0
3000,0.117386945,0.3230551,,,,,,,,,,,,,,
3233,,,0.7368015561785016,0.2760665757315499,0.7150745638716939,0.2942745657401871,3554.0,0.7324246702431234,0.2961264884328748,3581.0,857.4530916213989,1160.1460270881653,857.4530916213989,300.883695602417,1.6908340454101562,0.0
3500,0.18947937,0.30354464,,,,,,,,,,,,,,
3580,,,0.7348076956612724,0.2811364105769566,0.7141789923106008,0.2997613412044527,3554.0,0.7307653184777296,0.3019111759001501,3581.0,937.4158656597136,1249.6440165042875,937.4158656597136,310.3804376125336,1.716313362121582,0.0
3927,,,0.7376880645751953,0.2747757264545986,0.7155750040667206,0.2930861490793824,3554.0,0.733247153488027,0.2946584744681129,3581.0,1017.4296772480012,1339.1876571178436,1017.4296772480012,319.8734362125397,1.740370512008667,0.0
4000,0.53098565,0.3055037,,,,,,,,,,,,,,
4271,,,0.7351976803370884,0.2777016844068254,0.7128724896243669,0.2958629910839899,3554.0,0.7308087470111352,0.2974781589247068,3581.0,1097.5667824745178,1428.847177028656,1097.5667824745178,329.3583984375,1.7649176120758057,0.0
4500,0.29410246,0.2784483,,,,,,,,,,,,,,
4616,,,0.7397066525050572,0.2759217194148472,0.7187265064452026,0.293913163425014,3554.0,0.7355560243079796,0.2958133530263893,3581.0,1177.6001105308533,1518.4165081977844,1177.6001105308533,338.85600423812866,1.790543794631958,0.0
4962,,,0.7418323925563267,0.2746210098266601,0.7205562559352139,0.2930316742578784,3554.0,0.7379144595608769,0.2944779767566671,3581.0,1257.5680105686188,1607.9106516838074,1257.5680105686188,348.3437786102295,1.8162689208984373,0.0
5000,0.20810758,0.30183545,,,,,,,,,,,,,,
5309,,,0.7321530750819615,0.2767110892704555,0.7098995245234243,0.2951341413284327,3554.0,0.7278707419584264,0.2965782269922857,3581.0,1337.719693899155,1697.595363855362,1337.719693899155,357.839483499527,1.8408856391906736,0.0
5500,0.15265025,0.32760513,,,,,,,,,,,,,,
5654,,,0.7394668715340751,0.276468242917742,0.7189080662853475,0.2941954639029087,3554.0,0.735479052857093,0.2960414380475949,3581.0,1417.8301577568054,1787.2539143562317,1417.8301577568054,367.3473763465881,1.8685884475708008,0.0
6000,0.75281,0.23938963,,,,,,,,,,,,,,
6001,,,0.7392080170767648,0.2743045943123953,0.7173050776853546,0.2930079402719647,3554.0,0.7348266703827492,0.2944945777737538,3581.0,1498.0193150043488,1876.887710571289,1498.0193150043488,376.7538802623749,1.893803119659424,0.0
6348,,,0.7431140627179827,0.2743101460593087,0.7216530339933878,0.2928223617974465,3554.0,0.7385380033073862,0.2946217613358698,3581.0,1578.0577726364136,1966.4690177440643,1578.0577726364136,386.2587263584137,1.9192678928375244,0.0
6500,0.42608508,0.2580926,,,,,,,,,,,,,,
6693,,,0.7318716049194336,0.2759766067777361,0.709023599619267,0.2948010755376864,3554.0,0.7271328659505026,0.296179904847197,3581.0,1658.0230646133425,2055.9775891304016,1658.0230646133425,395.7636730670929,1.9450843334198,0.0
7000,0.48499882,0.26401144,,,,,,,,,,,,,,
7043,,,0.7398678915841239,0.2739692756107875,0.7177665680395329,0.2926028138409187,3554.0,0.7350020889329097,0.2943210340817858,3581.0,1738.041860818863,2145.533854961396,1738.041860818863,405.2633891105652,1.9699947834014893,0.0
7389,,,0.7433860642569405,0.2748639753886631,0.7222104907102912,0.2932301329707724,3554.0,0.7392417909845365,0.2947632960852415,3581.0,1818.2618160247805,2235.295930147171,1818.2618160247805,414.767550945282,1.9951817989349363,0.0
7500,0.5240125,0.26170492,,,,,,,,,,,,,,
7733,,,0.7375561850411552,0.2736786603927612,0.7150966148397931,0.2924526474351083,3554.0,0.7328299123193591,0.2940008423908301,3581.0,1898.424910545349,2325.002921819687,1898.424910545349,424.27284049987793,2.021228313446045,0.0
8000,0.28732175,0.28499046,,,,,,,,,,,,,,
8083,,,0.7406275612967355,0.2753380026136126,0.7197292415895822,0.2935105099997362,3554.0,0.7365263827317788,0.2952396805078016,3581.0,1978.508833169937,2414.62062740326,1978.508833169937,433.7688965797424,2.046034097671509,0.0
8430,,,0.741661616734096,0.2736846719469343,0.720580848603686,0.2919218442248171,3554.0,0.7377140883525901,0.2934916649940659,3581.0,2058.665358543396,2504.322474718094,2058.665358543396,443.2758581638336,2.071715831756592,0.0
8500,0.4605434,0.24266286,,,,,,,,,,,,,,
8775,,,0.7393455505371094,0.2743166174207415,0.7178731820659819,0.293013401493036,3554.0,0.7353056796067788,0.2945462215948757,3581.0,2138.853410720825,2594.044093847275,2138.853410720825,452.7705628871918,2.097921133041382,0.0
9000,0.32329068,0.21972786,,,,,,,,,,,,,,
9125,,,0.73979309626988,0.2746407645089285,0.7178918669984524,0.293240643245287,3554.0,0.7350038615261101,0.2948944338937273,3581.0,2218.8463203907013,2683.570697546005,2218.8463203907013,462.2658801078797,2.123442888259888,0.0
9475,,,0.7379946027483258,0.2730663163321359,0.715509812886888,0.2918750631990363,3554.0,0.7329581526197291,0.2934531451802918,3581.0,2299.0069530010223,2773.271275997162,2299.0069530010223,471.7646548748016,2.1518032550811768,0.0
9500,0.17683524,0.3216539,,,,,,,,,,,,,,
9822,,,0.7424567767551967,0.2720350708280291,0.720813929397334,0.2907262489778243,3554.0,0.7380849012147445,0.2923065841747242,3581.0,2379.1990296840668,2863.0032382011414,2379.1990296840668,481.2652385234833,2.1781563758850098,0.0
10000,0.37989703,0.28025514,,,,,,,,,,,,,,
10169,,,0.7350189345223563,0.2734870910644531,0.7125172698236142,0.2920399645975485,3554.0,0.7304953388980033,0.2935431042852031,3581.0,2459.169825077057,2952.5122797489166,2459.169825077057,490.76539039611816,2.203498125076294,0.0
10500,0.4377853,0.27823853,,,,,,,,,,,,,,
10515,,,0.7423400197710309,0.271049107824053,0.7205955492490855,0.2896700007364061,3554.0,0.7377722430448896,0.2911922366417376,3581.0,2539.246734857559,3042.1187348365784,2539.246734857559,500.2574203014374,2.2285118103027344,0.0
10859,,,0.7420563016619001,0.2723348992211478,0.7199211743150323,0.2912632347025359,3554.0,0.7371459722319185,0.2927766622560911,3581.0,2619.365477085113,3131.7708616256714,2619.365477085113,509.7516219615936,2.255117893218994,0.0
11000,0.2608391,0.3237847,,,,,,,,,,,,,,
11208,,,0.7388195310320173,0.2732738426753452,0.7167940585212085,0.2918395824357238,3554.0,0.7343265945703016,0.293314337497382,3581.0,2699.5482063293457,3221.462215423584,2699.5482063293457,519.2210013866425,2.2816524505615234,0.0
11500,0.243249,0.30906546,,,,,,,,,,,,,,
11557,,,0.7356225422450474,0.2740088020052229,0.7152842198051491,0.2922601308055184,3554.0,0.7323202235976334,0.2936544367735095,3581.0,2779.727894306183,3311.1707923412323,2779.727894306183,528.7094836235046,2.309112787246704,0.0
11903,,,0.7432518686567035,0.2732959815434047,0.721768166150816,0.2916657850859067,3554.0,0.7387025135916993,0.2934253631907114,3581.0,2859.7862198352814,3400.7907049655914,2859.7862198352814,538.2323415279388,2.335256338119507,0.0
12000,0.15118548,0.35912442,,,,,,,,,,,,,,
12248,,,0.742206369127546,0.2715521880558559,0.7199891819736565,0.2905455478202378,3554.0,0.7371647889905054,0.2921560160176976,3581.0,2939.8438622951508,3490.3767132759094,2939.8438622951508,547.7202942371368,2.362680673599243,0.0
12500,0.4426855,0.27765918,,,,,,,,,,,,,,
12595,,,0.7381657872881208,0.2734982797077724,0.7155960246157499,0.2926323868682294,3554.0,0.7331563421748464,0.2941070616295204,3581.0,3019.9068117141724,3579.9874923229218,3019.9068117141724,557.2288568019867,2.389254093170166,0.0
12941,,,0.7394353321620396,0.2724743570600237,0.7166252758775323,0.291398322642621,3554.0,0.7343051870985758,0.2927791847925684,3581.0,3100.106676340103,3669.7314262390137,3100.106676340103,566.7321934700012,2.417063474655152,0.0
13000,0.4484455,0.27686122,,,,,,,,,,,,,,
13289,,,0.7421135902404785,0.2700448717389788,0.7200669442661438,0.2889585650631331,3554.0,0.737418337994799,0.2904652007229998,3581.0,3180.2036957740784,3759.366780042648,3180.2036957740784,576.2295532226562,2.445413827896118,0.0
13500,0.19174197,0.2654034,,,,,,,,,,,,,,
13637,,,0.7447013173784528,0.2715898411614554,0.7232040894722496,0.2902523592475028,3554.0,0.7402578277715722,0.2917470924017383,3581.0,3260.353665351868,3849.03554558754,3260.353665351868,585.7078363895416,2.473301410675049,0.0
13986,,,0.7415592329842704,0.2711709397179739,0.7193854250932048,0.2897308298088421,3554.0,0.7370094825555012,0.2911457401585625,3581.0,3340.4329130649567,3938.666407585144,3340.4329130649567,595.220591545105,2.499218463897705,0.0
14000,0.30270487,0.27024204,,,,,,,,,,,,,,
14335,,,0.7417327335902623,0.2697363921574184,0.7194407242499649,0.2886600870058385,3554.0,0.7369641450755725,0.2901063187766162,3581.0,3420.504540681839,4028.285037517548,3420.504540681839,604.7286369800568,2.525296449661255,0.0
14500,0.37783015,0.3243746,,,,,,,,,,,,,,
14683,,,0.7407396180289132,0.270984547478812,0.7195190360992896,0.2896697603052898,3554.0,0.7369301249214605,0.2909934675849972,3581.0,3500.639303445816,4117.959508895874,3500.639303445816,614.2288837432861,2.552064180374145,0.0
15000,0.29489318,0.21643615,,,,,,,,,,,,,,
15030,,,0.742847033909389,0.2695968661989484,0.7203764134601857,0.2884004214001829,3554.0,0.737829238733943,0.2898450998978986,3581.0,3580.7770586013794,4207.645166397095,3580.7770586013794,623.7367210388184,2.579273700714112,0.0
15376,,,0.747931821005685,0.2699309417179653,0.7258183313476013,0.289112475324898,3554.0,0.7428558358131457,0.2906654014896327,3581.0,3660.887625455856,4297.274363040924,3660.887625455856,633.2167510986328,2.6054024696350098,0.0
15500,0.35562068,0.2921648,,,,,,,,,,,,,,
15723,,,0.7433250291006905,0.2696938514709472,0.7211906506093486,0.2886568927067213,3554.0,0.7384199895062482,0.2901188973706716,3581.0,3740.8534100055695,4386.781466722488,3740.8534100055695,642.7196974754333,2.6313681602478027,0.0
16000,0.13115638,0.27967027,,,,,,,,,,,,,,
16070,,,0.7460407529558454,0.2695198229381016,0.7241391604310284,0.2882168007218978,3554.0,0.7412002337641371,0.2898066482607861,3581.0,3820.871974468231,4476.354383468628,3820.871974468231,652.2323577404022,2.6601812839508057,0.0
16417,,,0.7447733879089355,0.2687294142586844,0.722412521542628,0.2880328193969383,3554.0,0.73958744665858,0.2895027848802708,3581.0,3901.0170328617096,4566.046424865723,3901.0170328617096,661.7397603988647,2.687044382095337,0.0
16500,0.19105563,0.29041752,,,,,,,,,,,,,,
16762,,,0.7445853097098214,0.2694651058741978,0.7221332092800365,0.2886837866444499,3554.0,0.739380189607477,0.2901429637321977,3581.0,3981.086021184921,4655.648805618286,3981.086021184921,671.2305312156677,2.7170441150665283,0.0
17000,0.36185616,0.24087538,,,,,,,,,,,,,,
17109,,,0.7467180660792759,0.2686650923320225,0.7247581675137169,0.2876426683897105,3554.0,0.741803529042167,0.2890904524312342,3581.0,4061.249046325684,4745.350662946701,4061.249046325684,680.7296643257141,2.744271755218506,0.0
17454,,,0.7450888497488839,0.2682851723262242,0.7221887145206106,0.2877593976966974,3554.0,0.739510543384355,0.2892102388255724,3581.0,4141.27574634552,4834.908457279205,4141.27574634552,690.2204346656799,2.772162914276123,0.0
17500,0.14959058,0.27245203,,,,,,,,,,,,,,
17803,,,0.7451889174325126,0.2683960369655064,0.7231753751274972,0.2873575857803267,3554.0,0.7403980671643745,0.2887802486211952,3581.0,4221.29212474823,4924.474160432816,4221.29212474823,699.7292594909668,2.7999391555786133,0.0
18000,0.19968268,0.36399266,,,,,,,,,,,,,,
18151,,,0.7453629629952567,0.2681088958467756,0.7234096237294246,0.2869881118491049,3554.0,0.7406240046207414,0.2884526938507923,3581.0,4301.460719347,5014.1901643276215,4301.460719347,709.2365500926971,2.8270652294158936,0.0
18496,,,0.745584215436663,0.2679264715739659,0.722627673044457,0.2874940132652029,3554.0,0.7400596382164549,0.2889503493917551,3581.0,4381.498254060745,5103.774972915649,4381.498254060745,718.7427823543549,2.855443954467773,0.0
18500,0.19061181,0.33773464,,,,,,,,,,,,,,
18843,,,0.7438032967703683,0.2677546228681292,0.7210589630521947,0.2870233693549521,3554.0,0.7385421620837406,0.2884272639560353,3581.0,4461.652874946594,5193.472763538361,4461.652874946594,728.2466440200806,2.8820641040802,0.0
19000,0.06675463,0.30955666,,,,,,,,,,,,,,
19192,,,0.747203895023891,0.2683227573122297,0.724781729763119,0.2875117879941615,3554.0,0.7419736979893884,0.2889039210852415,3581.0,4541.663246870041,5283.03644657135,4541.663246870041,737.7594139575958,2.9098060131073,0.0
19500,0.14861058,0.32102436,,,,,,,,,,,,,,
19536,,,0.7465383665902274,0.2681026969637189,0.7238057168199564,0.2874418397129554,3554.0,0.7410419275560248,0.2889572693229021,3581.0,4621.708450317383,5372.633606910706,4621.708450317383,747.2710554599762,2.9375040531158447,0.0
19884,,,0.745887007032122,0.2678050994873047,0.7230647081193725,0.2873071124195449,3554.0,0.7402827804296984,0.2887562504363306,3581.0,4701.826032161713,5462.302907943726,4701.826032161713,756.7811262607574,2.96618127822876,0.0
20000,0.17238882,0.2010084,,,,,,,,,,,,,,
20232,,,0.7473031452723912,0.2670414618083409,0.7247440164251547,0.2863252432613341,3554.0,0.7420037638971307,0.2877166927010611,3581.0,4782.021963596344,5552.047887325287,4782.021963596344,766.2903883457184,2.9932191371917725,0.0
20500,0.13437466,0.18956724,,,,,,,,,,,,,,
20577,,,0.7482810701642718,0.2672593423298427,0.7258854459763646,0.2865502696125844,3554.0,0.7430349359030298,0.2879019286904845,3581.0,4862.149755239487,5641.712563276291,4862.149755239487,775.7866470813751,3.021075963973999,0.0
20923,,,0.7481714657374791,0.2666083403996059,0.7254102167012522,0.2862917031206035,3554.0,0.7425389506902751,0.2877141019879223,3581.0,4942.316371917725,5731.422936916351,4942.316371917725,785.2900688648224,3.04864501953125,0.0
21000,0.28583053,0.33902034,,,,,,,,,,,,,,
21270,,,0.7489822251456124,0.2664280108043125,0.726119488494478,0.2860776507324493,3554.0,0.7432889621439542,0.2875232073355906,3581.0,5022.348656415939,5820.996986865997,5022.348656415939,794.7908515930176,3.0769567489624023,0.0
21500,0.12219331,0.35815442,,,,,,,,,,,,,,
21615,,,0.7472179957798549,0.2662796633584158,0.7244678641143781,0.2857462336122151,3554.0,0.7417185809218794,0.2871711430553616,3581.0,5102.408319473267,5910.577415943146,5102.408319473267,804.2710220813751,3.1049258708953857,0.0
21963,,,0.7473246710641044,0.2657393387385777,0.7241114765053461,0.2855273039071292,3554.0,0.7413982187892697,0.2869327974465931,3581.0,5182.547894954681,6000.258173942566,5182.547894954681,813.7711462974548,3.133232593536377,0.0
22000,0.046226174,0.29773578,,,,,,,,,,,,,,
22310,,,0.7483701705932617,0.2659310613359724,0.72548475034732,0.2855570658446029,3554.0,0.7427123239405892,0.286960954407812,3581.0,5262.630171537399,6089.858812570572,5262.630171537399,823.2491512298584,3.160691261291504,0.0
22500,0.046907093,0.23762384,,,,,,,,,,,,,,
22656,,,0.7490708487374442,0.2657503230231149,0.7262057689179445,0.2854410234836628,3554.0,0.7433293909042517,0.2868258964412873,3581.0,5342.700900554657,6179.466449975967,5342.700900554657,832.7454335689545,3.1885435581207275,0.0
23000,0.050181877,0.30054674,,,,,,,,,,,,,,
23001,,,0.7490760939461845,0.2651816095624651,0.7256938567239378,0.2852373268071627,3554.0,0.7429273531311086,0.2866140033771991,3581.0,5422.71520614624,6268.9239246845245,5422.71520614624,842.1463844776154,3.218130588531494,0.0
23347,,,0.7483865192958287,0.265407919883728,0.7253058009021525,0.2851187942668032,3554.0,0.7425803339238342,0.2864808884455285,3581.0,5502.693087339401,6358.43167591095,5502.693087339401,851.6359932422638,3.245699405670166,0.0
23500,0.05091112,0.26413304,,,,,,,,,,,,,,
23695,,,0.7494576317923409,0.2652539866311209,0.7264824020909538,0.2850541011228545,3554.0,0.7436545935798311,0.2864316989842222,3581.0,5582.929620981216,6448.205867767334,5582.929620981216,861.1335115432739,3.2731192111968994,0.0
24000,0.015883394,0.26939994,,,,,,,,,,,,,,
24042,,,0.7497480256216866,0.2647225516183035,0.7262838059888506,0.2848821241800612,3554.0,0.7434150889678163,0.2862968455476822,3581.0,5663.136925458908,6537.941846847534,5663.136925458908,870.6210031509399,3.3015828132629395,0.0
24389,,,0.7493939399719238,0.2648659263338361,0.7261372117024831,0.2848043962348762,3554.0,0.7433413899966839,0.2861963872368926,3581.0,5743.227946043015,6627.584665298462,5743.227946043015,880.1328918933868,3.32887864112854,0.0
24500,0.047141086,0.3587418,,,,,,,,,,,,,,
24738,,,0.7496918269566127,0.2648698432104928,0.7265513027794387,0.2848015454087823,3554.0,0.743657320646293,0.2861894673057456,3581.0,5823.321035146713,6717.207022666931,5823.321035146713,889.6207377910614,3.357625961303711,0.0
25000,0.016998796,0.20358835,,,,,,,,,,,,,,
25082,,,0.7503384181431362,0.2645502260753086,0.7268580928838985,0.2848163490960889,3554.0,0.7439891364580424,0.2861916830472459,3581.0,5903.320537567139,6806.742800951004,5903.320537567139,899.1155638694763,3.386479139328003,0.0
25430,,,0.7498987742832729,0.2645412853785923,0.7264795856121623,0.2846827037427019,3554.0,0.7436549344631388,0.2860655903117146,3581.0,5983.325879573822,6896.268096446991,5983.325879573822,908.5950319766998,3.41401481628418,0.0
25500,0.014294232,0.2643416,,,,,,,,,,,,,,
25777,,,0.7499045644487653,0.264528683253697,0.7265943056019626,0.2846422426205507,3554.0,0.7437415869999651,0.2860119352790771,3581.0,6063.442871809006,6985.929820775986,6063.442871809006,918.0980801582336,3.443076133728028,0.0
26000,0.024514917,0.21752536,,,,,,,,,,,,,,
26121,,,0.7500010217939105,0.2644360406058175,0.726600075948755,0.284613596970403,3554.0,0.7437474501928582,0.2859829261095888,3581.0,6143.599651098251,7075.632580041885,6143.599651098251,927.6033563613892,3.4712510108947754,0.0
26468,,,0.7500201633998326,0.2643375056130545,0.7265802919026098,0.2845303047622397,3554.0,0.7437598583452597,0.2859166413503997,3581.0,6223.679149627686,7165.252732992172,6223.679149627686,937.1033790111542,3.49914813041687,0.0
26500,0.024199463,0.3579431,,,,,,,,,,,,,,
26813,,,0.7503819465637207,0.2643353598458426,0.7269732937359313,0.284524500068145,3554.0,0.744127671434306,0.2858924556797159,3581.0,6303.704478025436,7254.792537927628,6303.704478025436,946.5757920742036,3.5286214351654053,0.0
27000,0.020353697,0.35324806,,,,,,,,,,,,,,
27159,,,0.7502853529793876,0.2643234389168875,0.726890722821117,0.2845059868721862,3554.0,0.74404279149068,0.2858757864859676,3581.0,6383.782685041428,7344.395113945007,6383.782685041428,956.0593338012696,3.5569982528686523,0.0
27500,0.013834811,0.27696416,,,,,,,,,,,,,,
27506,,,0.7502853529793876,0.2643234389168875,0.726890722821117,0.2845059868721862,3554.0,0.74404279149068,0.2858757864859676,3581.0,6463.87576842308,7434.023372888565,6463.87576842308,965.5530076026917,3.585740327835083,0.0
27853,,,0.7502853529793876,0.2643234389168875,0.726890722821117,0.2845059868721862,3554.0,0.74404279149068,0.2858757864859676,3581.0,6543.9011125564575,7523.579870223999,6543.9011125564575,975.0449073314668,3.612504243850708,0.0
28000,0.037101705,0.23407696,,,,,,,,,,,,,,
28197,,,0.7502853529793876,0.2643234389168875,0.726890722821117,0.2845059868721862,3554.0,0.74404279149068,0.2858757864859676,3581.0,6624.052347183228,7613.270000696182,6624.052347183228,984.5427100658416,3.640984296798706,0.0
28500,0.018322572,0.31850263,,,,,,,,,,,,,,
28542,,,0.7502853529793876,0.2643234389168875,0.726890722821117,0.2845059868721862,3554.0,0.74404279149068,0.2858757864859676,3581.0,6704.078344583511,7702.833823442459,6704.078344583511,994.0402092933656,3.668826341629028,0.0
28891,,,0.7502853529793876,0.2643234389168875,0.726890722821117,0.2845059868721862,3554.0,0.74404279149068,0.2858757864859676,3581.0,6784.079556465149,7792.378476381302,6784.079556465149,1003.5435276031494,3.696557760238648,0.0
29000,0.015747016,0.20791347,,,,,,,,,,,,,,
29236,,,0.7502853529793876,0.2643234389168875,0.726890722821117,0.2845059868721862,3554.0,0.74404279149068,0.2858757864859676,3581.0,6864.102316856384,7881.942971944809,6864.102316856384,1013.0447504520416,3.7247045040130615,0.0
29500,0.019755354,0.24458914,,,,,,,,,,,,,,
29583,,,0.7502853529793876,0.2643234389168875,0.726890722821117,0.2845059868721862,3554.0,0.74404279149068,0.2858757864859676,3581.0,6944.185563802719,7971.573049783707,6944.185563802719,1022.5498299598694,3.753493547439575,0.0
29930,,,0.7502853529793876,0.2643234389168875,0.726890722821117,0.2845059868721862,3554.0,0.74404279149068,0.2858757864859676,3581.0,7024.199741363525,8061.119948863983,7024.199741363525,1032.0409708023071,3.782471418380737,0.0
30000,0.014776842,0.2274298,,,,,,,,,,,,,,
30274,,,0.7502853529793876,0.2643234389168875,0.726890722821117,0.2845059868721862,3554.0,0.74404279149068,0.2858757864859676,3581.0,7104.195052146912,8150.651146173477,7104.195052146912,1041.5347201824188,3.8120992183685294,0.0
30500,0.01887045,0.18502182,,,,,,,,,,,,,,
30621,,,0.7502853529793876,0.2643234389168875,0.726890722821117,0.2845059868721862,3554.0,0.74404279149068,0.2858757864859676,3581.0,7184.341530799866,8240.335593223572,7184.341530799866,1051.031554698944,3.840768575668335,0.0
30970,,,0.7502853529793876,0.2643234389168875,0.726890722821117,0.2845059868721862,3554.0,0.74404279149068,0.2858757864859676,3581.0,7264.498862743378,8330.020468473434,7264.498862743378,1060.5180757045746,3.869482517242432,0.0
31000,0.011502824,0.26864395,,,,,,,,,,,,,,
31316,,,0.7502853529793876,0.2643234389168875,0.726890722821117,0.2845059868721862,3554.0,0.74404279149068,0.2858757864859676,3581.0,7344.483881235123,8419.546311616898,7344.483881235123,1070.016883611679,3.8988828659057617,0.0
31500,0.014114808,0.1979393,,,,,,,,,,,,,,
31661,,,0.7502853529793876,0.2643234389168875,0.726890722821117,0.2845059868721862,3554.0,0.74404279149068,0.2858757864859676,3581.0,7424.566999673843,8509.165947198868,7424.566999673843,1079.5127863883972,3.927129030227661,0.0
32000,0.050938964,0.17598978,,,,,,,,,,,,,,
32008,,,0.7502853529793876,0.2643234389168875,0.726890722821117,0.2845059868721862,3554.0,0.74404279149068,0.2858757864859676,3581.0,7504.535476446152,8598.68125295639,7504.535476446152,1089.0173425674438,3.956934928894043,0.0
32355,,,0.7502853529793876,0.2643234389168875,0.726890722821117,0.2845059868721862,3554.0,0.74404279149068,0.2858757864859676,3581.0,7584.686414718628,8688.379875898361,7584.686414718628,1098.5236377716064,3.9857144355773926,0.0
32500,0.018190403,0.27532035,,,,,,,,,,,,,,
32701,,,0.7502853529793876,0.2643234389168875,0.726890722821117,0.2845059868721862,3554.0,0.74404279149068,0.2858757864859676,3581.0,7664.737959861755,8777.97012424469,7664.737959861755,1108.0207266807556,4.014890909194946,0.0
33000,0.02097311,0.33234844,,,,,,,,,,,,,,
33049,,,0.7502853529793876,0.2643234389168875,0.726890722821117,0.2845059868721862,3554.0,0.74404279149068,0.2858757864859676,3581.0,7744.898396968842,8867.65817117691,7744.898396968842,1117.5050013065338,4.045508623123169,0.0
33398,,,0.7502853529793876,0.2643234389168875,0.726890722821117,0.2845059868721862,3554.0,0.74404279149068,0.2858757864859676,3581.0,7825.078570842743,8957.382959604263,7825.078570842743,1127.007754802704,4.0747034549713135,0.0
33500,0.009882414,0.2029691,,,,,,,,,,,,,,
33742,,,0.7502853529793876,0.2643234389168875,0.726890722821117,0.2845059868721862,3554.0,0.74404279149068,0.2858757864859676,3581.0,7905.287074327469,9047.139076948166,7905.287074327469,1136.5139973163605,4.103870391845703,0.0
34000,0.018382877,0.24031359,,,,,,,,,,,,,,
34090,,,0.7502853529793876,0.2643234389168875,0.726890722821117,0.2845059868721862,3554.0,0.74404279149068,0.2858757864859676,3581.0,7985.475451469421,9136.86528158188,7985.475451469421,1146.0087769031525,4.134742021560669,0.0
34437,,,0.7502853529793876,0.2643234389168875,0.726890722821117,0.2845059868721862,3554.0,0.74404279149068,0.2858757864859676,3581.0,8065.505845308304,9226.431099653244,8065.505845308304,1155.5029745101929,4.16331958770752,0.0
34500,0.019553496,0.25906226,,,,,,,,,,,,,,
34782,,,0.7502853529793876,0.2643234389168875,0.726890722821117,0.2845059868721862,3554.0,0.74404279149068,0.2858757864859676,3581.0,8145.644437074661,9316.096781015396,8145.644437074661,1164.9878442287445,4.193152904510498,0.0
35000,0.019808605,0.28960797,,,,,,,,,,,,,,
35132,,,0.7502853529793876,0.2643234389168875,0.726890722821117,0.2845059868721862,3554.0,0.74404279149068,0.2858757864859676,3581.0,8225.83369898796,9405.825318098068,8225.83369898796,1174.4854192733765,4.222442388534546,0.0
35478,,,0.7502853529793876,0.2643234389168875,0.726890722821117,0.2845059868721862,3554.0,0.74404279149068,0.2858757864859676,3581.0,8305.819327354431,9495.351468086244,8305.819327354431,1183.983933925629,4.251946210861206,0.0
35500,0.011365349,0.25043476,,,,,,,,,,,,,,
35821,,,0.7502853529793876,0.2643234389168875,0.726890722821117,0.2845059868721862,3554.0,0.74404279149068,0.2858757864859676,3581.0,8385.931259155273,9585.016783952711,8385.931259155273,1193.4965298175812,4.2804038524627686,0.0
36000,0.016238548,0.25011736,,,,,,,,,,,,,,
36168,,,0.7502853529793876,0.2643234389168875,0.726890722821117,0.2845059868721862,3554.0,0.74404279149068,0.2858757864859676,3581.0,8466.0818836689,9674.722955465317,8466.0818836689,1203.009580373764,4.310533046722412,0.0
36189,,,0.7502853529793876,0.2643234389168875,0.726890722821117,0.2845059868721862,3554.0,0.74404279149068,0.2858757864859676,3581.0,8468.811702489853,9686.980209350586,8468.811702489853,1212.5071284770966,4.33933162689209,0.0
36189,,,,,,,,,,,8468.811702489853,,,,,0.0
